-- phpMyAdmin SQL Dump
-- version 5.2.0
-- https://www.phpmyadmin.net/
--
-- Host: localhost:8889
-- Generation Time: Dec 07, 2023 at 08:26 AM
-- Server version: 5.7.39
-- PHP Version: 7.4.33

SET SQL_MODE = "NO_AUTO_VALUE_ON_ZERO";
START TRANSACTION;
SET time_zone = "+00:00";


/*!40101 SET @OLD_CHARACTER_SET_CLIENT=@@CHARACTER_SET_CLIENT */;
/*!40101 SET @OLD_CHARACTER_SET_RESULTS=@@CHARACTER_SET_RESULTS */;
/*!40101 SET @OLD_COLLATION_CONNECTION=@@COLLATION_CONNECTION */;
/*!40101 SET NAMES utf8mb4 */;

--
-- Database: `fs_hris_db`
--

-- --------------------------------------------------------

--
-- Table structure for table `announcements`
--

CREATE TABLE `announcements` (
  `ann_id` int(100) NOT NULL,
  `emp_id` int(100) NOT NULL,
  `ann_title` varchar(255) NOT NULL,
  `ann_content` varchar(500) NOT NULL,
  `ann_category` varchar(50) DEFAULT NULL
) ENGINE=InnoDB DEFAULT CHARSET=utf8;

--
-- Dumping data for table `announcements`
--

INSERT INTO `announcements` (`ann_id`, `emp_id`, `ann_title`, `ann_content`, `ann_category`) VALUES
(2, 2, 'Christmas Party Announcement', 'Christmas Party, please wear festive costumes.', 'Urgent');

-- --------------------------------------------------------

--
-- Table structure for table `company`
--

CREATE TABLE `company` (
  `company_id` int(100) NOT NULL,
  `company_name` varchar(255) NOT NULL,
  `company_loc` varchar(255) NOT NULL
) ENGINE=InnoDB DEFAULT CHARSET=utf8;

--
-- Dumping data for table `company`
--

INSERT INTO `company` (`company_id`, `company_name`, `company_loc`) VALUES
(1, 'FullSuite', 'Baguio City'),
(2, 'TeeTalkPH', 'Baguio City');

-- --------------------------------------------------------

--
-- Table structure for table `department`
--

CREATE TABLE `department` (
  `dept_id` int(100) NOT NULL,
  `dept_name` varchar(255) NOT NULL,
  `manager_id` int(255) NOT NULL
) ENGINE=InnoDB DEFAULT CHARSET=utf8;

--
-- Dumping data for table `department`
--

INSERT INTO `department` (`dept_id`, `dept_name`, `manager_id`) VALUES
(1, 'Engineering', 8),
(2, 'Human Resources', 3),
(4, 'Corporate Strategy', 6),
(10, 'Finance Operations', 10);

-- --------------------------------------------------------

--
-- Table structure for table `department_employees`
--

CREATE TABLE `department_employees` (
  `dept_emp_id` int(100) NOT NULL,
  `dept_id` int(11) NOT NULL,
  `emp_id` int(11) NOT NULL,
  `from_date` date NOT NULL,
  `to_date` date DEFAULT NULL
) ENGINE=InnoDB DEFAULT CHARSET=utf8;

--
-- Dumping data for table `department_employees`
--

INSERT INTO `department_employees` (`dept_emp_id`, `dept_id`, `emp_id`, `from_date`, `to_date`) VALUES
(1, 1, 1, '2023-09-01', NULL),
(3, 10, 10, '2023-10-01', NULL),
(5, 4, 6, '2023-10-02', NULL),
(6, 1, 3, '2023-10-02', NULL),
(7, 1, 4, '2023-09-01', NULL),
(8, 4, 5, '2023-01-21', NULL),
(9, 2, 7, '2021-02-26', NULL),
(10, 1, 8, '2023-11-14', NULL),
(11, 4, 9, '2023-12-05', NULL),
(13, 2, 2, '2023-12-07', NULL);

-- --------------------------------------------------------

--
-- Table structure for table `department_manager`
--

CREATE TABLE `department_manager` (
  `approver_id` int(11) NOT NULL,
  `emp_id` int(11) NOT NULL
) ENGINE=InnoDB DEFAULT CHARSET=utf8;

--
-- Dumping data for table `department_manager`
--

INSERT INTO `department_manager` (`approver_id`, `emp_id`) VALUES
(4, 3),
(1, 8),
(6, 10);

-- --------------------------------------------------------

--
-- Table structure for table `emp`
--

CREATE TABLE `emp` (
  `emp_id` int(255) NOT NULL,
  `work_email` varchar(100) NOT NULL,
  `password` varchar(500) NOT NULL,
  `f_name` varchar(100) NOT NULL,
  `m_name` varchar(30) NOT NULL,
  `s_name` varchar(30) NOT NULL,
  `emp_role` int(1) NOT NULL,
  `emp_pic` blob,
  `personal_email` varchar(100) NOT NULL,
  `contact_num` varchar(22) NOT NULL,
  `dob` date NOT NULL,
  `p_address` varchar(255) NOT NULL,
  `c_address` varchar(255) NOT NULL,
  `date_hired` date NOT NULL,
  `date_regularization` date DEFAULT NULL,
  `date_separated` date DEFAULT NULL,
  `emp_status` varchar(40) NOT NULL,
  `sex` varchar(6) NOT NULL,
  `gender` varchar(20) DEFAULT NULL,
  `civil_status` varchar(20) DEFAULT NULL,
  `emergency_contact_name` varchar(100) DEFAULT NULL,
  `emergency_contact_num` varchar(22) DEFAULT NULL,
  `created_by` int(100) DEFAULT NULL,
  `created_at` timestamp(6) NULL DEFAULT CURRENT_TIMESTAMP(6),
  `updated_by` int(100) DEFAULT NULL,
  `updated_at` timestamp(6) NULL DEFAULT CURRENT_TIMESTAMP(6)
) ENGINE=InnoDB DEFAULT CHARSET=utf8;

--
-- Dumping data for table `emp`
--

INSERT INTO `emp` (`emp_id`, `work_email`, `password`, `f_name`, `m_name`, `s_name`, `emp_role`, `emp_pic`, `personal_email`, `contact_num`, `dob`, `p_address`, `c_address`, `date_hired`, `date_regularization`, `date_separated`, `emp_status`, `sex`, `gender`, `civil_status`, `emergency_contact_name`, `emergency_contact_num`, `created_by`, `created_at`, `updated_by`, `updated_at`) VALUES
(1, 'matt@fullsuite.ph', 'mattmatt', 'Matt Wilfred', 'Cabunoc', 'Salvador', 1, NULL, 'smattwilfred01@gmail.com', '09667528054', '1997-06-01', 'Cabanatuan City, Nueva Ecija', 'Marcos Highway', '2023-09-01', '2024-02-29', NULL, 'PROBATIONARY', 'Male', NULL, NULL, NULL, NULL, NULL, NULL, NULL, NULL),
(2, 'july@fullsuite.ph', 'rhaerhae', 'July Anne Rhaemonette', 'Almoite', 'Rosal', 0, NULL, 'jarhaemonette@gmail.com', '09457552819', '2000-07-14', 'Amagbagan, Pozorrubio, Pangasinan', 'Engineer\'s Hill, Baguio City', '2023-10-02', '2024-04-02', NULL, 'PROBATIONARY', 'Female', '', 'Single', NULL, NULL, NULL, NULL, NULL, NULL),
(3, 'antoinette@fullsuite.ph', 'tonton', 'Antoinette', 'Garcia', 'Sanchez', 3, NULL, 'antoinette.g.sanchez@gmail.com', '09458239638', '2000-05-22', '62 Scout Barrio, Baguio City', '62 Scout Barrio, Baguio City', '2023-10-02', '2024-04-02', NULL, 'PROBATIONARY', 'Female', NULL, 'Single', 'Andrea Mae G. Sanchez', '09173456781', NULL, NULL, NULL, NULL);
INSERT INTO `emp` (`emp_id`, `work_email`, `password`, `f_name`, `m_name`, `s_name`, `emp_role`, `emp_pic`, `personal_email`, `contact_num`, `dob`, `p_address`, `c_address`, `date_hired`, `date_regularization`, `date_separated`, `emp_status`, `sex`, `gender`, `civil_status`, `emergency_contact_name`, `emergency_contact_num`, `created_by`, `created_at`, `updated_by`, `updated_at`) VALUES
(4, 'marco@fullsuite.ph', 'marco@fullsuite.ph', 'Marco', 'Eliseo', 'Antero', 2, 0x89504e470d0a1a0a0000000d49484452000000f6000000f40806000000a8dadbc30000040e694343506b4347436f6c6f72537061636547656e657269635247420000388d8d555d681c55143e9bb9b32b24ce83d4a6a6920efe3594b46c52d184dae8fe65b36ddc2c936cb44190c9ecdd9d692633e3fca469293e144110c1a8e093e0ff5bc127216aabed8b2da2b450a2048328f8d0fa47a1d21709ebb933b3bb93b86bbdcbdcf9e69cef7ee7de73eede0b90b82c5b96de25022c1aae2de5d3e2b3c7e6c4c43a74c17dd00d7dd02d2b8e952a9526011be3c2bfdaedef20c6ded7f6b7f7ff67ebae50470188dd85d8ac38ca22e26500fe15c5b25d800441fbc809d762f809c43b6c9c20e212c3b50057189e0ff0b2cf999132885f452c28aa8cfec4db8807e723f65a040773f0db8e3c35a8ad2922cb45c936ab9a4e23d3bd83fb7fb645dd6bc4db834f8fb3307d14df03b8f6972a7296e187109f55e4dc7488af2e69b3c510ff65b96909f123005dbbbc85720af13ec463557bbc1ce874a9aa37d1c02ba7d4996710df837875c13ccac6ee44fcb5315f9c0a757e529c0ce60f1e00e0e22a2db07af7231eb04d692a88cb8d576836c7f288f8b8e61666027dee2d67693ad7d039a5668a412cee8be3f21156a73ec457a99e9742fd5f2db714c6253d865e9c0c74c83075fcf5fa76579d9908e29239170b1a8c252f56b5f142c87f57b527a4105fb6747f8fe2dcc84ddb93ca019fbf9f1ae550931f93ed5c3ec415988dc940c18479ec153060134490200f697c5b60a3a70a1ae868a1e8a568a1f8d5e0ecdfc229f9fe00b7546afec8ebe8d13042a6ff23f0d0aac2ef685523bc0c7e7968ab75d009667023d431492f499283f81c2293e4301921a3209227c953648c64d13a4a0e35c796227364f3b9d1d4790123529f378bbc8be87741c6fe676498e0b4cfc54a9f3710d8cfd8cf6bca95d76e5e3a7d6e578bbb46569fbbd673e97424671a6a2d74c8dad49d72cfffc25fe7d7b05fe7375a0cfe077e037febdb56b735eb34cc560a7dba6f5bc447f33d4e643ea52d556c61b3a3a2593556fa021fcb007db978bb0867065bfce4f7c93f926bc9f7921f267fe3dee43ee1ce739f729f71df80c85de02e725f725f711f739f476ad479ef346beeafa3b10ae6699751dc9f425ad82d3c2864853dc2c3c2644b4fe815868409612f7a7637ab138d175dbb06c7b06f64ab7dac8017a973ec6eacb3d6e13f54469606277ca6e3ef33034e6ee38423493f1922856dbb7a84edf5a6767e4b3ddaaf81c673f16c3c05627c5f7c343e143fc2708319df8bbe51ecf1d472e9b2cb0ee28c699db4b59aea8ac3c9e4e3620aaf322a160ce5c0a028ebbae8bb1cd1a60eb59768e500b07b3238c26f49fefd17db79a565739f0638fc273bf75ab6390fe0ac03d0fb68cb368067e3bdef00ac3ea678f6527827c462df0238d583c3c1574f1acfab1febf55b786e25de00d87cbd5efffbfd7a7df303d4df00b8a0ff03ff25780bc563d6cb00000056655849664d4d002a00000008000187690004000000010000001a000000000003928600070000001200000044a002000400000001000000f6a003000400000001000000f400000000415343494900000053637265656e73686f749e141ba9000001d669545874584d4c3a636f6d2e61646f62652e786d7000000000003c783a786d706d65746120786d6c6e733a783d2261646f62653a6e733a6d6574612f2220783a786d70746b3d22584d5020436f726520362e302e30223e0a2020203c7264663a52444620786d6c6e733a7264663d22687474703a2f2f7777772e77332e6f72672f313939392f30322f32322d7264662d73796e7461782d6e7323223e0a2020202020203c7264663a4465736372697074696f6e207264663a61626f75743d22220a202020202020202020202020786d6c6e733a657869663d22687474703a2f2f6e732e61646f62652e636f6d2f657869662f312e302f223e0a2020202020202020203c657869663a506978656c5944696d656e73696f6e3e3234343c2f657869663a506978656c5944696d656e73696f6e3e0a2020202020202020203c657869663a506978656c5844696d656e73696f6e3e3234363c2f657869663a506978656c5844696d656e73696f6e3e0a2020202020202020203c657869663a55736572436f6d6d656e743e53637265656e73686f743c2f657869663a55736572436f6d6d656e743e0a2020202020203c2f7264663a4465736372697074696f6e3e0a2020203c2f7264663a5244463e0a3c2f783a786d706d6574613e0ad708363000004000494441547801ecbde79364d979a777d2dbb26daa7d8fe9c67818022005da2596a10f32a19014a150ec3fb61ff46115b1a19044515c2dc9e5d22d41900009ef0618ce60fcb49976e52b2b7da69ee7bd55c30117e076f75437c09a73bbb332f39a73cf3d797eaf7fdf53fab7df786d9ef29647208fc0b11a81f2b17a9afc307904f208c4086460e7899047e0188e4006f631fc51f323e511c8c0ce73208fc0311c810cec63f8a3e647ca2390819de7401e8163380219d8c7f047cd8f944720033bcf813c02c7700432b08fe18f9a1f298f4006769e0379048ee10864601fc31f353f521e810cec3c07f2081cc311c8c03e863f6a7ea43c0219d8790ee41138862390817d0c7fd4fc48790432b0f31cc823700c472003fb18fea8f991f2086460e7399047e0188e4006f631fc51f323e511c8c0ce73208fc0311c810cec63f8a3e647ca2390819de7401e8163380219d8c7f047cd8f944720033bcf813c02c7700432b08fe18f9a1f298f4006769e0379048ee10864601fc31f353f521e810cec3c07f2081cc311c8c03e863f6a7ea43c0219d8790ee41138862390817d0c7fd4fc48790432b0f31cc823700c472003fb18fea8f991f2086460e7399047e0188e4006f631fc51f323e511c8c0ce73208fc0311c810cec63f8a3e647ca2390819de7401e8163380219d8c7f047cd8f944720033bcf813c02c7700432b08fe18f9a1f298f4006769e0379048ee10864601fc31f353f521e810cec633607e61f7a9ef97c967ce5ede33702d58fdf23fff37ee2fb01ea87c1edd3feac6b4aa54cd7ff79cf869fddfb0cec9f3d36bf30473e0cccd97c1e408d7d30e3dece761a0e0629954a6967733db53a9d7462ed5c12b293c92455aad554a954e2782a97d38c7d25ce753f5f63cb00ff85f9a98fac2319d847369447dfd021a005f314404ec7a334eaf7d3f6faddd4dbde496fbff6a3f4cd2ffd696a345b696179356dddbb93aab57a3a7bf9c9b472f2746ab45ae9d4d90ba9de68a652a59c865c3b1e0dd3caa9b574fac2a5d45e5c4c65019e0a713d03fce87fc39f578b19d83faf91ff19f73d04b387a7b3599a8dc7a9bfbf97b66edf4eb7afbf977600efeb3ff85e807a676b23b8b2dc7aca796538b3dcf9ad577e00579fa785c5e5d46ab753abbb90ba9dc5b4dfdb4b27cf9d4bcb274ea7b34f3e959e7ae95370f8c5d4ecb4534df097e7a94c5b875bf1318beb87e3f1cfe93d03fb17e4d73a04b4dc7936192362efa45befbc93366e5f4ffbbbbbe9daebafa6775e7b25eded6ca5edcdcde8b520167c13403d8308287a2b66fb2ab6cdb4b7bb9d26d7afc1b56ba95aada51befbd09f79fc2e197d3275efa4c5a3b7f295d7eee8574fae213a9b5b098eacd46aac0f515d513ca7ab9f40fc6b7ccd17f4126cb7d74a3f46fbff1da3fb6b5dcc765f994a318810f83793e9b202a0fd2f69d3be9da1bafa5affde91f86689d66f3b4b3b399fabd5edcb277f05e4641ae540b0e3d9bced2743a4d63007e086c3976b5867e5dae804ffed18ec0777f0b11bd5aaba5852edc1a8e7efea9aba9b3b094564eafa5e553a7d3daa527d3d2a95310827a6a70bcd6687cd0ae9dc8003f8a5fffd1b69139f6a31ddf9fd9baa00e431880eef7fa69fde6b5f4ee2be8ccffe94fd2ed1befa69dedadb836805a2ec139d184016f0db04e01720d600a6cb9afed2886d7b842f0bac9cd05b18077f3f3e1fbfefe7eaad7eb6980ceed79b76f5e4f35be371b2d74f353e9a9173e95ba2bab49a272f1eab3e9e2b3cfc1cdbba9526f62702b679d3c46f217fb4f06f6cfe1f73904757f6f2fed6edc4b3ffeceb7d28fbefed5f4eeebafa48dbb7702a872df2ae2b0009e8c26f1d9ae562b70e12ae2369ff77bfb01b4d8cfb99e2f50dd04f421c80f8f475bd331c4609646a31160ae41102018005849c07bcea693b47efb26e27823b530ca5dc34077f9ad97d2954f7f36c0de5d5e09635d0542a0d12d73ef18ee5fb83f19d88ff1273914bdbde5dec67a7a1323d81b3ff84efadb3ffb235c56fd0063e8ca80520e1bc084d10a40b7397ab4c015b4726981eae7e0a270f591a238ffbc4e4eef71dfab01f683fdc011da405bbee669341cd126fb78b98db0bcdb461f6ebebfb79376d1d1efdebc91de7cf97b18dde0e6eae54f3c9156cf9c4d5d2cf18af419dc3174bf507fb28efd987e0e411d566e40b78bbff95b7ff6c7e9fd77de4a3ff8fa57023c8d7a23292237d06705a81c5571d9fd13b8e8603448b54a2db8aae0ae20128f694b713cb8b880e7fb90eb3c2ed805b56d08704579b721eeaee17018c6b6c347b7ad7fb886f3201ac4acc53d14e05501240e8b4b2ba98d9f5c9dfcf2b32fa4673effabe9e4858b7077dbd768972de88763faf37ecf1cfb31fc02827a8208bc75eb76baf5eedbe95b7ff11fd39df7de4e37aebd9b7afbbde0cefb7048456939e044201d88d633aeadbb0fd0cac505a060f5bb9f6b58bae5f21ad04a003440ccbb9c5c71dd7775e543a003f7e21ada15b0eae66eded34f33747eef2350abb8c0461002db77db42ca50b2a8c0f207c3411092275ffa743afdc453a98d453d8be6314cbf107f32b01ff1cf10a08603dfbbf15e7ae56b7f9bbefda53f4bb7aebf0b786670ce4158adc7b8b7045e0d30abeb6ac596731f8ad1825e104fe0c69c18400b0b387d178402af89a5bb0101188f096481c34b18c2270d40a7b369480b8adb9e3f0df06260e39c4310cf69b7389f73e0d74a17d12fb9be7d8175f331c4f7f76f5c4b3779ad5fe7fdad37d34bbffe2fd2b3bff2052cec9d473c9ab9f9fb1d810cecfb1da98738ef10d49bb76fa5ef7ff94be9e5afff4dba8b616a1f2eadb8ad78abf81a20045813b8ee0410ca6153037d1720cf0eb8b5c00f20d20f41de806b1fead77e1778825af0c5b9ec7313ac13c0ecb1f1a42002c18d0135300da230e57e8af405215184afd28502dcb6a5e55d313fa2d7d4e369b3c9fd37eedd8daeaeac9d4927cf5f48679e7c3aebdc31ea3fff3f19d88fe83710d42338f26df4e81f7dedabe97b7ffd17e9fa7befe062824b0322c1d56eb5431c1ec2b1e5bae02f35b146cb29356009a04383997ab45c3cb8319fa700b730ae15ac3480c9b3a83f7361809b2321622b920b7efbe4670355fcc06921e6cbb52780773841af8790e8d00aa2c3b96e734e9c72ed64380e0e5f2780a53ff73e48109ba5f4ce2b3fc41586bb8c08b7d5b3c6a9676b7931723fbfbf19d88f60ec0590e2effa8debe94bbff77fa6efe3caea6361166825acd7824f0069817613c005f0d46de190726dc0d600401ab104fd8741aea8aeae2cf814993d26f716a0ead806a5c88d95003c56e33c0985ed96b9bfeead0fb83ad70ce1c2e311c4857f4a02f64502e2b965da9280542146b61d3a3bad7bdf11cf21a1b8f6d6ebe9debd5b6975ed2c1cbb9ebaab58cb2b73ee5d480d9c92b7c73c0219d8473ce005a867e9def56be9e5af7e39fdf05b7f4778e856804eae7a0840dd55a1c7022ac1040aa227fbfdfd0090a0954bf7e1fa1135361b730e1cb60cb7854244700b6d542004025d0bb91c5d3d3bacdc00520bb946b14277462ce79fdf7d295a7bcf16d74810aa35397a617413f46a03920325062df3cd5293eb26859470402466707e0947afb7c3bdfae9db04d7acdfba915efcc26fe0127b2afcdd3e54b6961ff124bb8fe632b0ef6390eef714413d868bade3f7fdca1ffd7efaee97ff8254cacde08e822c383640008b61d9168002c7638249cb79705c402de7f6b816708f79ad31e143b8b04125875cfa90f34a08e4e272f72ae74b40e4baa0950cae5aaaa353abd74b0024215e2fa06d37ee555352d060f60fd6f720429c5c99ab7f0376daf43a09c3a174a0585ea92831ccd2eb3ffc6e7afbd51fa65bd7de49bffd3ffdabb4469659abdbe59afb1dc17cde518d4006f6118de421a8dffee1f7d377bef4e7e9bb5ffdabd443fc96bd8ec7b892009b9c537db554d6625d58b7c345c531e77e004db001303fcbad65d37c043c9c03378ef3d82be804999be7bb159cba1c00f6f8d873dc0fe86dcff325041f5ce7bd784914dc9402bcd9403d9dad454288e70f707979c8edf07aef35427cd73a5fa960c88b3eeb271f6324fc5b826a9ae933bff92fd3d5cffc12e9a31dee997ddcc5083e9ebf19d84730ce217e03a2775ffd51fa9b3ff87fd20fbff9b5b4b7b71b80d1e25d8a0ca90244fa9dd55df50fcb9d059e22b7181558faa305a23b044b88e480422ee9b9fa9d3db7e4b9100dc574f57645728d6ed35989f76958d4059ff7908babcfab5bdb86183d6c4b60173a3c52019f7d55b8817d098b7de8eb45608bfeeba6edd1821c5a0b7e8d7fe162e31eeae202bf4f7ae8b73116dad1d3979ec062de469ac8063586fdb16d998c7ec4a116d402e3f6db6fa6affee1efa75788fb16d4ee1340022580c81f0d66ad6613e01203ae78cc77f56b8f7b9e1cddefeab4825f3157700bdc003de784780c40230c94f39b248574b8a6455b0aec55f675d8b7d86e85feecf12ad7fb4357e1fabef81a00d4c8e6bd8d788b801388877d9678489014bde5fabed4b9430ca73f7436fa1bb601ae08bd5dff39c0565de853d165067179edfbdf4a1bb76e464ef9471ce67cf9038e40e6d80f38601f3e3d383513fddef5f7d25ffdbbdf4d3ff8da5748ccd80df0c92d05a148114c02534eecbbba6e9774480122ca7a004b60eb1bd6a73c0e6bb9b1de1ad08024c4a3c67972d00680abb2ab4efb2d8eb7f9dec100360258fb8049202fb79ba98f48bc877bcaeb87006ec83149cdc8f739fa7600167d1d635c9d7e8de5c0ecb3df5ac2edb87d920b0be8427c478ae0fb1462603f254e1ad44297e71ced0191bc427b4a08ebf8efbff7375f220df4725aa2a20b4dc7337c780cf3e747330219d80f39ae87a0debe732bfddd1fff7b44cfff94d6295974a8af2a92020d26b23780e31e589415bb0582012035746d65e243dd5b2e2d778c786f01c6b1661deece79468bd5686c19bd77817dabad665a5b68a52ee0ee34ea0077967a6481d5407d03eb7b0f500f00b186adc91440d36e0ff0f7d95f62dfde7092b6fbc3087a31e26d7b80d1cf0c2f8258f4594b740e75f1422c2f5403fb5405f86532cc245c21c6f31012011fd6905875fec1b04f1ba5f43d6c0dcf7ce673e9f9ffead73eb0923fe490e7cb1e600432b01f60b00e4f0df19b89bcb7b1917ef895bf862bfd6518ca04b55c4b6e5780191ec947b99e7b34980900c55cc5d532012aeaca8ae6eac70689845ecc71b9e84ab79d1600ad9fab84962d03e8b38bedb4d669a5a576239d5ae9c2b915b3d5930d1b859400ba3140d6872df198f139880c84626f7f987ade97cfbbc1d1e1f223c56f7ceb80f4fa563ddd2515b4c731f76992b30dfb65ffe7f4c177811e96f7f8260d2854040d813ea3ac5962651f3621762f23c93c454cb9e597b2aecd003e862d03fb210779e3fd9be93b7ff5e7e9db7ff92769933a644e640d550122f5622678056eeaa6b8ea842f2cc705d004bbe06e01dc0ae09c2332ebc66a22de365a8dd093d7286eb0daaaa7a5663dad761ae9f4622bb5714b2d52a3acd9408fee7602d4a037cd8d5603d41209ee108094fb83b90294804d6bf700ce5c8250287a6baddfdaeda74d0a3dec0f500fe8c749dadd829bef01e65dc57b402ee72e5c724814ec13c821657827ae41a00fdd5ea2e416cf0a4171332cf6b5ef7d8b98f237d2d344a619779eb7473f0219d80f3ac6723074e41ffeed97d3d7ffe40f23f65b4391935d0084b18b3695c06b88c4c14f3926e753ef54cfae97d1a54b85955bbd5691d6ca284d38f52aa03d01b04f779ae90cdc79a95e492797bb6905b1bbd38608d07003ce5707c475ae29d16ef0d66911b822a80e9c5fc08ec835c0a68b4d2eda81d317ae31aeb03f806e1982b1ba5b07e0fb21e2af755b6993b0d73bfba374a737483bdc6357f11d9c1afa2a99086e0cf1f27ac35325663e838641a3eaa6529383cdfbada3ae7c8d9c7363cacf5e7eeaf0507e7f84239081fd8083ab18faca37ccd2fa0b38f5ed3026a9676a106b0238c5f41a5c534bb6baab53bc4a8007d80f500b7cbdd61e53c4f67d02ee5a10815300efe2ca623ab7d44e174f2ea4d3bcb70156076398227b9d73348695d06f6b846bf216a092a0a0ce06f80278229bb6158d6701742407ae534990bb0721a2671ada5a1439ec40484e2c75d2dd8dddb4b9d3c728071140a5e842453601f55dde7becdb1fd5d23ecf3992db03e443ffb8cd2aadb4a9b8b28f143244773fdce4e212807729c438344515b253d8e80fcfc8ef8f620432b01f605405ad4505bf49eae53b6ffc3df1d570603867b87b10adcdc82aacc61891c89012d45a8e8de6f24bc470f34e24795a22cdb24d659496e58900fb4aab06a817d2e5130be92cbab35c5a101b2fae5f59603700981956e1b7e6be8ac1e08606d1e561a9ee0fd9db7d005a605730bca9164890e49e05c7e6343ff3af463bb0da50034e73bec6baf5cdbdc8cd6e95da69990a2b4becdb1acf422fdf00e87b18e97648259573cbadb52da80258c46182a85ec68037c39817c0b72bbc4600deb453fdf4f6d93ee5edd18d4006f6038eedddebefa60d424615c70571a90688e1ba1aafe4dc7e562c17d461c09a0d99c895d0899588051ecc2f9d467f5e6e56d2123a6717709f596aa5b370e8e585665aea360118a11f544c91bb7b9920af732f10c14b6e2cd86dcfffec03c07e152ff0ef621ff08416b1833ff6092eeb0e2135e7440915bb69874016ee5569790fb2c8e0d6e53b1ba1e777e1e8cdca2075d5c7016c95f31b00d96b23bc1594dac301a01d21aa7bad77d7071fbefce800c0c64afedab7bf1161a6dda5657a90b747390219d8f739ba4e64b9cccdb7df4c7bdb9b422900ab982967aa31918598b02a4454adc98a9d8551ad8e21cde830c5df1538e05aa78ee8dd4c2778ada2d7ae2ee2c6c2d22dc7acc7798d10e90d2eb1ddb81f1cdb4ffe9b2b7bf32d22cfe4e8724fefceeea2177e4382084017c0663d0038b7fbf81ed714e096eb6ab8336acdbe5725129cb3bf3708ff781d40af4014d630889ded8ed2cddd4158e9d731b8f520707d417d6854e35cdbf35905fa14f79992431f6bfbcb5ffb9bf489cffe72baf2c9cf44fb996bc74ff448fe64603fc0b0ea92daa48ae81e31e0025a001dba7a9ccca12f0380099cdbcffa7b750b29f4ca7157084a5962e23f7d6231ad36cae9e44227755b55f2b2eb58ba0132d784510cb19686856f8055d0b9c909cbecf79b2996f24ab702e87c0f540b72cea50fb0e8d0c367ec5014b71f5e3203c0411750096c1538f386db8dfd0178be9e585e0cdd5e35e284ee338c0406b9181f7e6e673f9d5adf4bdfbfbd91ae739fb1cf499aa6f603efa1feef6737c748e9c631799f5250af7fffdbe9c9173f858a503c539c94ff1cf90864603fc090f609155d2744d2c2fe87595072ca105d79579f361c148cc0c1cdd02a72a67567a9535f5c68a7b3ed6abab8ba00a89b80da4285b899e0da8ac065d05683d395e1cc157dc6005364cc0df5022ce00d6e1830e65c8123e70698a2c777eee7c7d0a7f55f7381567276c77572791828ca7e0140d12dd70c12c2f58acef639424d39add302a04095ab0398b63b85a0ad2cb2f01fcfe277a25ad23a60dfd1600658ed432c12c8a1192a801280edd285e8eb90283b1706b43043de1edd0864603fc0d8d6016d4c4866a9baf461e4954d040762320bb426be69df8db576d58d05f4e50bb8ab9e000c27e0d027bb58a1f1499740e46c4ee511dbc5e20dde820b0b5d23c604730499d0168c9eef85e8cd5da2d7f260cf2d3cc942870d60411ab814b842040efdcc9c14e06737cde096b3afb1339c65015ffdeeb636e7ba4a647ccad14d40e1fe109e09c4a4566946396425911731a8f566740c5799f08fe8378a1dda3babb14824b43d3816eaf7bebb80a0e0cfdba31d810cec0718df2a86ae96d162c1050b8bf021f0e45e5a831b2c8b5358ab49d0c0da7c1aae7caa594b5756da690543d4e2027ee345c101fc1459015205bdba2aa71688b4a3e4ad5e1ae234fbd55783530308ade3f339c50f031b451f3c2e20b92ac0e437213f0b561e7b036cf6d15d4a06727c0cd44123bca7e2ba82818421c02d25e1bc2a80d48a0f8539502b3410625023d4fdfce9949ede1ba5bbe8dac3e63cadeff60ab1fb00c426938c46de47239d14a5944eb028205f1e60d4f3a90f330219d80f306a721d0b07b81c4e9fa5b4e43c8adfbee4e07231b9a4faa8d95517b07c3fb9d448e7970138966e21b68cbfb8699eb38630e677034e2830756929b297d47303b52455780216af2a2093fb717bb1c179e673178918ee772b08031c57fc7010f8a7316094338705ddb6f9ec66a59410bb9502009d5cd573e5d772689b9c1eb4abf55c4922b82e402f0898d28596fe5aba746a31bdb3b1837f9b58749e45696507431957408c8ab4517ddc1142cbf72ad6f7b80167e4edd18d4006f6038ced648c1e29d698ec4e74c5ef022005a72ca2c866046aa03fc3859f864b7fe2f4625aeee2af46d466a6136422f8e58642085ddcfb83b8e0a4ec374143a0c70f53b61a0a202524d5e83109877a7688b27cafe037d37a1d7a31dc9fabc3281650a77f254de0bc079ee3a3a2bf58e60ff7081c47aeb86dc4a99c1b277a133ef1e2400d00cfc6100a74fef0c5d38732623ba42cdc734f134cb341ccf9ee184e0e8887a81e86a01a36ebe61815aaca8cf5c95e4e573ef54b69f1c4c93896ff3c9a11c8c07ec0718d4a264cfa98b4889a45e1834224160c1acf1aead484835e3db394d696599f1a108864f5e898e480c8e40c7dd525c0a251ab7ce08736a9c38832c5f05918cf0a239c3a77449d719db81428c1ad05b404817f727d0e055ea7c8d54a0061080babba891a9620e67e9ca30a2101f00a0fd35ab46b0105cff0fb54822329e144e26d528d08ba7095717c1a7d06dc10aa5348216b3b83b489483e509ac198d6d7c08861d0c015d508378b1fbac67749ab7fde1ee908e4117e80e1b5eae6f6ddbb2c323f8ab8e8c3144db962706ec020b73552eb2a1164a7093a69c2556b2047755660069c40a6411e726c39b17c5871b906908a33052e2f41cb710982e1a705100ffe02e6d861ff03e8b463fba29eff0126be7bad491f5365725ba728e27c0e27857078a2063c0943715961a4938917954cd5d3b5a0734ffaa7d1cd136dcb7fda1ae4e6a75658f667bb877f7b98f639d7c49131aebd1dd6f53601a651c553c0dd3c7ff5ccb958ba97af797b84239081fd00832b97b668bf5cc8ea279149159c15e31013be494c77172bf839dc41e700761dd6abbb47c085814b10b3af0e3e042ef50e008b7f0866e1fafa07e71544e0b06b423a2466ae0fd44a48008ce2b404417f79616916a4f260a0c8b14265008b7279ed5f023638b5d6eda22dbe62dc02a672e710db119bb90bcdc09585231b0446f2137e708986bbe35cae817034312a5e401cbfd39ba4ad3b3b91baba8411d13eececee44dfec9f7688eef27261148c86f39f473502328dbcdde708cc4187658f06b874d4a705992b610a5ac56f756bab979c8783759b963fe205b0159b0bee2ea84574f02fc00af838aec4ad180d7200510154df050678237a0be3164445a940e395e0b40db9ad6e2dcf75b50f5fc161391ee7727e61f492f01435c5254875faaadfbc46bf941bd4dd65a9822f0884c815f7ec14ec4e12f614dd2e3e05f8391431e11212836c9e3cbd945609936d4bcca00c6d88dc22a99a4a1de6a9ab0abc49b1479736cadba31d81ccb11f607c47007a677323921dd4170b6e5c2cb7a36b4b917b11d098a5d540f7f4b8401118e244901087c5a457c406b4704d71ae31cdefc53e8b0f62a412e4203e922ae098538022c80571b4c935813d88c21476ae95dd4bc49dfaba0d0beae2fe1017e24110a2691b8e3e85270b7eadeb358980a77b3dfab560a54daf75e36e079f9502bcd67b702c5e36a368ceda61108cd5ee3c9dc1fabf39c4424e510701ed42037de2c48d58733c36eede469db99d165882376f8f6e049c7379bbcf11a8355a218a3ba7e5c006a884114d8e278079e19e26d5d29ceb03b0027641e326670cb1dcf3dd07a0661ab9d4831587c592c62bb3a4b02a8f7917fc5c08d7e75df91d78aaeafaee160632c4fb10d541a5f1e9635e72f6b847dc067398d7d0bfc220273a0b8bbbfab586b942b240cd90e8c48b7e734ddc0ae457424a28da097fb890e71ededfb6ed4d0d4e7f7a6981524d2e5ac0b5b64d5b2d9cdee66a2b4548083c39dae59abc3d9a11c81cfb01c6b5bdb898ce5098cf68b27d4aec9a83adb83cad21e6f24f2b7793c2088aa6ce5ea67cf1cecc57340dd159807244f00407e49b67eb871694738c5b1559a6e0827858ac5fe068b892630b445123bff67adbf23ee238c46ecf0db09aed05f79fba1801e234fbe7005f6d39aef75236f87a71ad5cdb6353dac7b8a6d4501c60af6054bae02687a2b9a4c1c733bacef3421c27106799571b422561334124962b8a5baaae50ec10317c7be35ebae8f5797b64239081fd0043abaedc595c62dd68521277113f311a35e144c56a18f8a8019cd66eb91f68e27f218683c0e0e61149865e8d640dc72f523d05bbcc30122800891e6c8562701ec00e4cb1e7903008ecb07e032ad82f7f148fe1d0dcc3401068039204258c00339e6740a7a8ad414c70036cfae6bbd285d7fa5f0bb800acf03e838018c022e42539b6a2fc3d217c948bf946c597b8266ce5345fbc8b72fb76a25b2718a79e6e0f1ad4571b866dc0aaabf64142a584b3cb924774e0a0ffdc266f473e0219d80f30a472c5eed20a75bb284cc0241656722be16b78a86069e1ea1233c5713ff81da8ca08c18661a725145eb9635556acba2bba708b9588e62a05a714549ccb8b237049033ce0de108e821b7b9919555c2c95c05f6ca498a055490e82724058a28583be490834fac9c18dfd56451098738c73b66b649d52c11cea605962a25382230bdd9042d81fa598d4df952e7876c35123a5d5c1810074a9cf760660bf764fe265ff14f3ab6980e4a09e7d865ceccb579e2bee25f5cadb2319810cec071856017be1e9ab69851ad9f7286618d669390f688839cae43652ac85381a7a35df2304134046b550c2298bfa637260810a670d4e66ddb302bc02ad82380f99e038b15d8addcc7fcf0d3dfa10b07446b869ed9e02b2c8daa210a19b0440a2136094346030935b56b15c13cc4a9bec03731380e62a2574c5c5b531eb1183ee3a5d825c7f37f73020c5c287726e25168b32f82cbab914c387032ba6581e993ed04c99f64e191fcfbd36a89ab237e05e84dc5638b78ea47382153957d6d638336f8f720432b0ef7374d5a5e54ca7ce5f4c97af3e9b6e5075533d5b20ea9f151b16f3f75dc885a80930e4e2215afb2e48e33ce2cb69cfe204d4450a77965e2be2363987f3200e06a7e82e93fb5623140d2c6294f3bb5b18a1f8586f2da4ea5297be292e9b4e8ad80bf82a70643dcf332cd472f50a117135d7d092308456cfeeaac50d318801ba5999a572c9371f4f119f15c12142a309e58a0915355acde57cac92b20868ab707c016e1f5cdd73881b8b261408820074206c5709a7bdb1d74f3deebb37d8676ca806c3f3741716a3f6783c44fef3c8462003fb0187b64e76d7d9279e2673abcdd238009beb353419f0017653156eeb87a870220665b313e02c67e49f2275518440bf33fbd46b157d016f544be15a17081004d1a06402226085161703c03fc57e088835d5d85f6d2fa719c76cb386d1aba6580e1065ca7339ec82a444613f3a43508ca9a0c49ed367501e299972f611d2c53e74667748b17faa2b0ae8fd3e555406bca856ca53a4ddfe28bdf5fe76ba786a99bae6f4114925e2d731b84db96f68db716f925d188773e4996f0e58031cb7b52a80e7baf0412122d060de1ed90864603fc4d036099774c58b821b830ffe09f0328061ee823bc1c40668235b0b000b2df7aa6f1b666936953a29666fdc5d8ace45f459615413f0c0249a81db02741794af18cdc5e7d4ec7233aea1a8e05482621a274d4d283c18c62c8fc15515998d942ba3f77b2fef22b190894f4dea008c7ba45a0e10b577f607698b578fb2c3aacb7d8a15ee5355b4b7dfe73c047108d39ec6303edffef18d74e9cc3279e504a034797623f220587d8a2d581c51979a7e7c33da5edfea859171a8010d7047d00d7dc8dba31d810cec071c5fc1bc8a9ea8757c6b83b87126abd15c5ac25b72590053525f0eb00b1eb828ba72594e29dfe37cc56981ac683e551c17dca038f46fd1ccf902b78a3f58a35c8558eb0aa2ec8ccf1ae5681a800036401d92b9df71b555f1b3ab1b57f11bab3f4b5f04fa1411bd0488fdec9a24fbdcf3d6bdf5b44d10c9bdedbdb4beb507b047e9f6d66eac14322505d31e7a2fd3304f927eaa61ce2cb53bf708d0e1f97ef0ce1ddc7eb5f404d5542fac52269948bb599f7bd8218501a8c369f4ec25525437082b755db228d88068ee18e6edd18e4006f6038caf3c57405e7ae6d9f4f4f32fa58ddbef3389e1d2b4a198b94cb1ff0e13dcfa5f7344ce094074699eb9ecd46be184664ce95e72e083bbb2dfa48a5988e25629c1405e32bf1b4e1c9c1a400360e845447121b5a78ae9a380433d1d04532995b03200a8ce3b9f69cd46ef0f651fe90010cf0874b13f72cc3edcf5bd5bf7d2f5bb1b88dd23b8f4386dec9075b5b31b1c59abbc45185c0450dbc1c0c503e0b6baf25c91a4030131d5b4c3f7f72108df5827177b782a5d3dbb84848db10d51dcd873298e455517017f17b56517ee5f86509dbdf8040403b719f7c8dba31b810cec07195b190d737602471b525f7cc284971b0f0dc498600967758fe5b6b1e385de2df3129c8ae35338a85c984f706aae817bce3841e0199525c84788f2758c56a10f6bc9c6405550036b8451630c2cb8c616ac8f0090a0009c0ba091ad4dff2c73adbb81bed84e2538751590e9f776f1fa01c6b15dc46d456664048c63a5d48753f7f6f6520d027116abfa42a703189ba49ac2617d58b87399b62568aa1613c4f16983c48f7a8b98f86ebab1be99aedf5e4f4d6e787275310c7ef6a584355c0bf9326d4920acce8adc40bf94061c46fe714dc1bc258d793bca11c8c07e88d154276e2d608d463c2e8c50fa6a999c704057c414d8664645c92100811d4a861d411a86609ac9b5174023a3abd126a9a4302cc9f1b05da53e00d765b50077b78a8a2b7754fbbb91a75d077c3d80d9e45c134e2a14fa6ed6b901eb6d9191021101304477cd0439e2ef4ca3163ee409af7beb5b88da58b9d1cd05e89cd8f71636f0f30bc4792f9d2469a3993a2c04d8a5fa8ba2b7e2bc328af5d1c7108950170437fd9b585a1882b64cedb637afdd8ae71b8d842e1cddb24f3caf84ad453f4d364156c7b8574bbd7bf752eff6f5546f23de9320a29151afc18141e1217e8d7cc94f1b810cec9f362aff857dc68c5f7cfa99f42396fad9dbda64c217baae0b01a069c23d69809722378c17ce87b8ce070d681366fb0e96e2bbdb7dc46f6aa801aef069e3ca9a61e99e8c3556a117d304cdd1c634560c11e82e50b004e802d0806b0f509d61f590ca1cbd95762b334b2273252e34ce06e0fb806f94fabc347ced03e83ef7562c6fa02e9ca60844b9cc8a9dc8ed0b88d90b80cf75c15caa48ae6ab08beffb03c4e85233dc5e1629443ac7cf66e45c0d0eafcecc1ae1f7b61524520902d38458199c52460531bdd4f455e8426a26a482f75f4b67fefc7f472cefa6dd8b9f48e3cf7c11fb40ae58ea701fe59681fd10a32997eee3ea12685ab8274cf6342bb2bb0c3431e6bb8ce8a9b869f28486248d681374cb9d9d497ae72e39ca5ab82b70d3161c1afff010ee68d4e68e954778d7fd1475d010db2b88b6ab005a2eb980316a851a6a27e0acf068546b0c730be8f27c51acb5b083f2f874c2923aa1ef623987b34a247c2958a0f6a606f7b0fa89d9572d2a87b601b3e99c0d135d041a8d1991a68a502d6394430598437c2684d08d511d261091112ac00e69ac2b4a0e275c19c4401b446d006ddb06a036b8614831b4f30c8527bef88933e4aa77c2dfdebdf7e374eb872c81f44bff1242a8586e0ff37614239047f2214651d7d3d54f7f2ead9e3e832809578633c39a0a00a3332bba1a0da698e9b13e00d91be226da1ea61fbfbf99ee10b821d71e22baabe35a35d405e70d0451670f40c09111f4d3a0b71b3eea5ddc4f1ae8e4803daeefa32b8fe08eb737315e11e1359a584010031944407069c49a4108e4dc2dc4f7583b0baecd45a90a075f425c5e64d182155c564bbcdaf89c9b00dc8a28ae5aa2cf5c2bbe7e675a424518f1193b01cf395732a01fbe477c3cc4a189d170915ae97267fba884a1b7a0c33109940bfdbd78fe647ae2e25af15c77eea605a49353ebd752699bf85336059dbc1dcd08648efd80e378c85504ce8449ef04f655142d2826a7462ee67770c8215c7d7b57cb33d6e56d8a34a0442f2e76316c11e92557042b0317b803dccb963686db36880813282694583b4c2bb34636b3a3f447570064a3c2fd8718f030ce6d6da18fc3c94b1da04148a804c09e18466a42c810713f5240d1b311a8430cd7df2c81aad78bc50a780438fb7edadd73195ca408888062bbd2887aba06b036fe7bc57625100d5f338c85a016575e99e28d9d3010ce200a213a14563c746cec041c27bc263dbdb61c21aa7bb7efa606967fc41774f45388f1d7d368995ac6793bb211c8c07e88a174522f9d3a992e3cf589b441ccb8515f218602d411a890639659035b801bb97597d52b6f6d6c3199abb15e17ebc9a6057cbcdd264626803067bf012f865b5a9ed805ed1561811ac4611e851d5c5d631b7fb0f70e8ff8a80f54303c8dd0750788c7e8b923b862a5ac7e5c44b819cf5d225474486def39e27e094250765d6e805fae61bcc245a6f46be8e82e7d34a2ad04d027a57a1a70ce1e80d66a00cd81f8e012bb873d81fb2f2f2fe0c3b69c7205a3da5063396701682495366b78ab9ec87d95143a43f477818dff7a71a999763736c2aa7feadc65226829c0c0fd5bdc7f848d20d243b92e6f1f7d0432b01f720c17490439ffe4d5f4f7dffa5a1aed626d1ed511b7a9d209976bc229eb75457144692a77eeecee512e083f376ea20e237ee2e40a5c1bd710c02a03e83615570c60e9ea66625f0b4396411c1aa0d493add63242af5d852b0f29683e18209e035ff5df32a2b1955d54ad675c3b83ab1b9e1a116a9c63a04c13eed8e5d81ca0999452ab61f0b2a40ac78c300b831a9c7f17d1fdf5b76fa7f777c6e9c7d76f104abacf0aa04be9141164a75dda97d5401b848a6eb15f42d60970d34fa508fe9569dfd53805ab80c7cc40d1054a14f3ee6283a1b660595c3ab1941678fef9b49906cd0e96fd621a4a0c34d6e5eda38f4031a21fbd9d8f5d0b867e9ebf72352d529cefee2e1661acdebab5223883d93965b29bda3801e8babd56095e5946bc5ea1c24893257eaa70ea265cdbf5b1adb8e222022db3bae06e068714657b117f6b38a4c8fb8e30d461076003863edf01d70853b3dc52963a42749e75500db897e0a8d4e0a804c88c2770628843054e6d76d5742a0786bb1afa09871d62291fd1f74d88cf975e793bfde1cb6fa4dffa1ffe55facedfbf9736aedd4cbf7ab59dae5cbc94de78ef5afae6e006eb76b354d1c96e3abb4aa9e59ae6bb2208c7ea295023b471dae6d90d2985e6108dc7e2832485ccb89f116da7ceada197f39ca0be0a1598411c8c7577cba08e6138923f19d80f318cead98ac46b5453593e7526ddbb7e0ddfee9c8a218004b0c899dc34a2b9d2a46275c7a82d8c4b0db91e9f1bb4b182655b0e68605a1d515a3dd8a097618f098f30ab681a0bdd6b8032704549c030d33256653e57077060dab77801e91c10118a2c02de1a626fd4ee064c4a027270532ee958a80d11a20a875665186280bb83512f2daea5416523b5da4be9fffb7fff0fb82dcb11c1fd1b00f62466f40ee2f78faeefa61fbfb79bde7c7f3d962c7afedc12840a8205d16a2179a88787f18efb6a30d3c157479438c1f2c03b98fa17086a59ee2e06f0c7f49bba871032880d7de181437ccfe07e8809f9532ec9c0fe2983725fbb006687827c4f3cfb42baf9c6ab0473e05e02c8fc67637a027c2dc62d38538954c7265cab8a580a5383a759d5135d18e3db04979171e63b7bfbf89a0721b6db8ee9987344e60a6e286ba031fd3144813f7458e3ae3550590c61a6cf1a0395c098c11127e4474f6b58addb5ab0d96f808af7416c0fee0e77564017783b44cfddb8b183bb6c0d7ff8e9f485e78a88b21d088012c2e67b6fa4cf9e3d933aa472563b95f4d253e7d255088f0c5f6edbe6b9341cd214efae112e57c62808c0e5c81544181876ea007af5f8452494064077b5cdfdfe4eac323ae784b9c00e58dfd7c8e793ee630432b0ef63907ee21431842b2a91635c02cce74eae32615b69bbbf1f6ead02407ab09dfc5654c14f0ca7aa5a96d7e57211bd75674d00ebf0803ddd2583aa67f008e0442587236ee1167b335d23f3eaecb94b696ffd66fafc13e7d2af3f77057a811e5f1e101dd601d0100d40621eb72ac028f4f141dc634af45909c23086580c718d4dd1ffa7e8d0e66ad79118c0617aff3d62dd2bddd49eeea6e1b597d305da6c9dc6785645b2c080577fe1429a92732e38d7ceaef03c5ad92d7784ce0fc7b5dc915cd9c074933f2ccf040bc6a867ac3a848717563db87f098284ca4165950a44a628ee58acb7adcf7eea0a7f10c2b0e4fdc460e72f0f3b0219d80f307282d58206958ddba9f6e6f7d2fcfaebe9c43bd7d23922aa064ce2012033c73a56dd60d237109b9b1d2b76628586630b8229a578c78aa084578e51424da1dcc7e2bc458ccb2b6f932d06ecdf26e3ea9b6fbd974644703dfbc54fa56ffefb1fd3562ffdfa67cfa51befbe9eba70e4ea5a1d2bf36218c9f6c29d85251a8e3920d0a5ceab86ce6de9a592592358ea05a15cb128730c2d00e417ceb17e16ba78b3651a28d24473219d3987918dcf86a9bb16b6202d9528b5aca80f311a8d503978858f9bbeabd32ba0e822ab0a74c57fbe14a2781c0ab75fddfd9ec733d7b967bd39839095d22eeeb95167f9017e857ceafd8c4006f6fd8cd2c139cee1cade665afaf1d7d2cadd3711af4be9e2a5e554de3e89118a324088d072a00091fa3113b90da772754ef3950d40511e9640182f6eeded8ddd7edaa250c12befaca7063ee7cf7de685347df75dacd2d7d3a4d34dffe1dffd6eba7cf264ba4c39a18ba74fa60edcf9da5b6fa4dd1fbf973effb9e7b0a2b7582fab49228a3e67eecfc2d663f3b201bb8518b49c6b5cb3e061910b0d1315b0e8b69dc515fa02d811e791217087ed141c17fd5a345a8e49779b4680284888a4a22130f2d0255c3c97be78812dd10819dd77360948050b78247dd804dd18f410e33b14834485686148bc8d78b28e7170dae8c435d14c7cca7f3eea086460dfef08c28905468b608a53939df0d19a36d958aaa54f5e8593eef5d2f7efeda19b1656690d558adc752cda563175d27afd0891dbb053d323fb48d1afdedc4d6fafef06977df6ece9b480a8fbb92b4fa577de7b37d53b8b69e1ead5b40487fffcd317d364f376aaf7d6d3c5135d824e521449585ea5b022e05292159eb24e411c0ab56c947b72b748072d16ff6317812aa019b735c4062230434c375e5df75a95828a331614d068a7cd5b236158f869cb1a6f454d71acdd44a9b9fa49dc2bc00ec7a6cd0841e561e5d02e3da49aa031d13ecee0ce434494660b7500231fb4286dd49116e8a34512f376742390817d9f6359f021fcb1b3616ac3cde6b8b17ae4324f712369d97efefc8974038e241098c7b1592dc5ba65ae811d62281c750a771e2226f788e87affce5eda2665f22c62fae5d3cbe9c42220856b9e80ebfeaf9f7f29dd5ddf48275986f7893367d222dcb38d2fb8b3763a2ab420d40322169c87fbca15a37dacdc63b8b3003779c4b04f090add0d754015c1e094a2ee9929a2d8005815546234c6d0a575dd98767600361fc107419ce7392caa58c3975ee3e1ea06a020710856aee2992401dc837d872b9638b10c8fb51d33ddace156a910738e1930ece51c837fa77e6b25ae55ba885bc6b7fce7a38e4006f67d8ea093ce69ae0f5823f41c80d6314eedf536c9d262699b938be9f21d2a90008ae0c89ca34e2d278a24089147e581d9083d58dd17a02c21a67fe10a5667c4696b94b7b4760332c5dd95532be9d289552cc786715ada00f00d316461889a93473d0f6ea89f1c3f35e0aa017a9002b7b576d998682ec35d814e80aa00673c81fda22bd137c05fd198a6258d20191ab7c71cc41546ab3c64e8ca7262211c7dc0ca3ec2ea67b49d9cb8423d37e3d37c662bae282cc4c673ab671b3bee75eeae11328b6b8031d497ce75f4658a5e1fdc9aef793bba11c8c0bedfb18c89472008050f4a18b5b470cf091b2d116166d1920e22ecd3a7f6d3eb7708996422cbb9033c7c736a87b8ccfe0aa036c1c2c8ac15823d5cf3aa85df79890aa26dacd2f25745d8b96e2980c325b042d23068cf6c32f2b242a4b778a2d6f9a916fa83cd7c6901b78f44d06de2274605309d7386ae6b1fe4bc7e8866419a1c5c8b75d4ffb6bf58ba61edaae45c8794413f2a3ca3450b71b3c7a665bc4ac2ca704e76171283e0b5071a15e7ac1c1af9e907f7f2990fc7600cb1d9b24412fd3119aecc33bbc6f61ca265dff276b42390817d9fe329be44d984008e1246a7f6701b2e84657bda006b846d0280cbabcb6983ba61f21eb999ff4492c0f0da30aa71d08a26f512d167707f81574c7e0804335e9117e734c626755aae06c0823dea82d7da70617557f6903d32441fd740e51667d15619a0e817b74def1962b717086a7645f08c274ba800966eb21afb8d74b391086cf1feb66bffb8480942fbc04103b8d1d49dd1c5394fd1db6730124fc221d0bd73b8babc4e2ac1bb1c7d6f8fd05b9ea7836052413f1f69d88b76b9206f473a0219d8f7399c62412e3c6e2f10e2d98da40dbc4a60a3001ad225e196e449235eefc2090fed57825b1d539c388f2d8724f034aa794cddd32c2e01089a423f86ed059063d5cc401bc081839ae36c4aa5a09eeaf0a65dfde6eabb8af6de844b6946100a280980bb0d49f109009d7d609f8510b91c6282968cd55b9fb8f1e3252cd625c47aa01b9b69a706d4c062b9887b417c24454a1e0dce9f784fa408fc6a1ce63c6ee3ddc39ace111fcb8ec0cfd1e3fb84c362b023467cbcbf8b078141e304bae165793bc211c8c07ec0c19c106cb28f8b668e8b69d6df8a248d0adc4baed66855d3da6a37f5d7f700b1a02bdc5aeabd4eece09e80d835b50df52c016a6b8b99f269ad332b822a4ecb49ad582ae883837275589979b7ae9a5c57fdb410f6cdb8661320002ffe715cb0bb8a878bfa794ce0560d2185e28c14e9212246c64d90b105aef00c148a30fac88dc423d7f110dad2202aeaf642d0c502e4e01acb6c67aa6d80f68d90736593c8439708e81e43d40f218473b709b859c05038b01fbbbb04c22c15f7b4ff793bd211c8c07e90e164328bbbcde6521ae28fadec6ec0f1287134a514106015b0cbe8cde50d8b2314a2b4bee51156ee2617867e0a58cda716380166386483c9ee220172e3aa20f226a001d8b0f117a022f40ba9007d54358ddd0147f048f80840d2ba2d080d2e29aee572da8a0019ee5704a7207584d5dbd62c32487fbc8d5de29e51d9051fb762786471e81af373dc1d5242172c83ece206f0636e47c55576ba905fa9ce675244473c73b8bd7c0cc6815343f79fc3ddc7ecbbbbbd19124d9932ce4a3c928bbc1ded0830cc79bbdf11389c809bc456dfee9c4af30e165d64dd889346b7555cd682ad9b477f6f9403e65dce2956d5413528c9897dafc399cde472c9d91a9cb301083425b98caed545ada0a27dbad09905ba00a25d51cb35824a639986b53131daaeb61100a4dda870aa554b6001dde0fe7c2aab3370bd21a19663b2e26a5ca5112b540280a6348151cf628865a413b971809b3e4b010a4902706345d7622e70951e7cc81acfa69bcdcc31a980042e2ee3b0f1f2e69f6f5060c192c9e585652ec95390413df22d8fea830e29935771fcc6c2d9b4bb700aee4b8d3062ab6b15923a004d0d20b489c5b686b7b9d4aea021a7148b61b8f27e828d1dc224a2bb04728011304804c4485ce1b505b7d4456456d6dc3ceaa01282c957016e811a2b6972b13f6a1090005d2186eb9a0386e1ded2ea2eee86f8aef7094ee92b421ff8a2b9944e0172803707dc049e0374488c5cfcd01640973400eade92ef870ecf4d7984d88a378d857ca53f9216cfb37f6694b98e58637925f597208ef6d6e7c9db918e4016c51f70389db48274bb7b2add6d13e24919a3965c0ab09ab5a438dc46ffde9cf7835b81d3e0a87230d79e3eac1212ab6832d96dcb4d20ca91b530172c8e23babcd46d1573d57b392641c04715d16316f657e45567b6b2a96df84f0b35270720cb44882949c8a9c770e829a599accb52b128217d1d00eed994be6a8b5b9a91b6c9a2791293063712d81ac77c0fb64c7a271c37e2663927ba8a8aa0253cace8da122052aa06faa9f583ffc386cd0142d72321a544acf80e87fa8b04db0479cac0fe87713a9a4f19d80f338e4cda59a591eeb44fa7d3cdc5d41cf500038632fcc7234234ad1dae881c1c4aae0de8e6044b2bae4a18d42a15953594b927b2b4d80f8660965c2b7823bd92370d5df8cd0d1e099d573d58fff2c4d04fee49fb12130d74c2a34c914297033236dd75b82b0685a0c71b7ad21a234960d09a0b40e5f9a03a45b33d16de93a098d461f9a390900ff126c1d05f2e586917aa127d9043d72cdce0f91cf7d94255b0fbbc02f9ee937c7950b1dc71c1a73d241baebcb39ea6cb673c336f473c0219d80f31a0c5049e218a9f4eed8593a97e6b134686ce0b2886141f1c92dc61f1c1113582d47d6718d5e65a97dd0089faaae00f71d619cf841724450089e08a5d010631aece1b480b16099a01917ee1a1f74047965454201c120a17b4aff36a91fb5ca52acb9c94c892cbe7c2696b2396b33508050b56e8e970540b11da17fb6901c33d8882a2baf63d5700c12a08fe0f801de82cfa1f12b46235623bb2402a6363a397b1c5bae141377c4675f1426c576a69fb2cf4af46ddb7f9bb2fa775b8f67cf9140f7948450e1ac96f1f690432b01f76f8988873f4e99d139752f9fdb752dbf5b4e4d4c46ef789ff0679706fc14dbd70756ed8abd54522a28bc91d0bd933e1351e69a5b65452805e711d508861d7ecaa2019048774e203ba320034624bc3d75e2cd583c14add17f0b511999be8af1aa95c76b7426c379427a5e513f495ef3d22bfd0a705f518179d52855167613587abf600f690be0c007f99da6a08e044d969fc629a4890043662bd85cde6449f693834e2cc0aab4a21f6db5334ea85dae157bedbbe39d81df4f5532cf057a778847afcce602beddd7c230d56d60ae921839b113b9a2d03fb21c7d1690ef4521f60573a2b6967fb5a6aabbd32d10700dbcaa072b501e01684ba95dccc08539bae0044717068503bd4ad61de81ea704d7941dc082202e794a35ba4d072c0fb24a18ce1d66d8a3c6899867c0066b2cd2c9d84d81ed6669056a2f677a2f861892835b9be40936868f812d4aea955e8fbd43f4f961e4667872859f5c13aa40da84089601aac84d1195d71b1ee36128a2cda553ca39334acc85d58edfd54ec562a5156519ae852efedfc990bd14f5508d2bc4909613d6ecfcddb918e4006f647194e390c5536c7a72fa7edbbef029871ea503eb8cdb237942e85f3b1189e954bb0383b91834b0b36ee2940261c23f52bdc5d8223fcd740424b78014c80efc98059bd3a729be19ed6fa769100a34d2d1ad880534f51f20595a2b5d75872c8a5764b447b69198bf44a51cd7d75c585bb4db11de94177db9c32c5b6c7ff9014c69c3325a75b4983501c7477a04a3f8ade73beba3e1cff800ed1a69ff9c675fc8f76e4d41af2245a12921a46c50639e612a219c46ebfb59406e7ae16e73b96793bb211c8c0fe084329089cd8e33357d3e4dd1fa5deddb7a2f8407775212d20f26e0d2857045795b38e318285b559431317469418fb667059667fd10b3e86659b891fd667f61ae2597c868bcace0918b11ed914b0ea036f019c363afc8c8a2c2e4ea06e2f97ac5282282a9a6889e39eaa065135956622ab0ae087951cd5618a886fc4982eaf3ac4a0697f20021ab9f64d0ba51f0daeafe232833a05c0955690e50137063cdb0f343b22803e14703e097e2e0e220561da2549e416c524e68d85b4de3d91de5f3c9786b8bcb265bcf8f98ff26f06f6118ce66c61258d2f3c9366dbb7d3eed63a137d4ee1ff2ea5925c6a172b30c0d67f2b9713d01ad94680467d5b3d57a4072704cf869916dcb6e0e073806424592c4dabf60a07d598152e30be1b8eda34dd92f36618eb9410681cee6b4c37d67a54011016c0564220851c82c3d2402cb1d323acb34981c5c5850ee27d417cead60a87186880ab51075d7d7b97aa0ebab19a100e73b2cbe8d8412c788e0104c4420c1202c11d555bf81c31e7920424011e295c66ebe79e4daf5cfa2cc516a98f4e818531d67e494121a91cc10f919bf8600432b03f188a87fbe0c4342cb27fe985d4b8f376aa92dc3065291f23aef4ed9aa43100681d814ddcb6e2b2eb6199e9f5416cb86c0f2ea7114a90c7640714e10be688d55662134488e111c906da478af89cb78f3ebfbeb5110bda6fb216d8490af25f397f06ce2ec000962c57620237df6071837bf7003575c94d03ed03da75d6b8ae21ceaf9e8040016a8983fa7c0dcedd441a9093efb2688122bc6b7189eb68938ef6904cac85ce0d0a700b6ac46ab3c5ac8e0af50a31dcacb3d1ca99b47dea8942f2e00a9f336f8f660432b08f685c4de7dcb9f499b4b87e2b955d871abfb031dd5a8d07726ce2a72331048eadc1a9eba85b4c0000400049444154c2ea1c5ac9b568bb45e54ecf274b4a8ea9b14af0c8e149bf0a4e3d65d58e7d97c5019082a2d7eba7f5f23606b37abab7b981b8af3e3f4a77eedcc17a3e4c274e536a893ade73ce77b5cc3ddc5d1bdb1b009705fef077b759e45e23dd0862d02090a54571440b19ee227e8fb8af8b19b85209c80d77d816e59fd4f5dbe4a0473a2660b6bcb28924d010b83eba3420af90b5e5ba5e451925fa2fd89556ec35042f033a7ef247fa2703fb0886d789ea741d9dbf92365fa3b0e1ec1d263e20852b1b9432401c1faa67b3cf7870a63c731db001ecb08ab36fa6f31af75118b6e0dc069184021b30001c88c451f658431ad7d648a29630bc7bed06f7c1ca0e2735c7798912bf63b8fa1e9555c6775de676cb66c30836c13aa628dd5d5ac60585451afd5ebf7719d7977282d2c598bef64809dd86a3b709978d050738af1c5962b5747b7d3d9d5c59896588ea72751bc7f5a55f9d0e876bcb641797db95988498ad2cceb9bab8f2f678462003fb08c7d95ade15ea8d77c867aeb28c8fab740c042dafa1dc7446d510f4e3105c99fc8adfead8821be11c2e279881186f1cc0a806c10886c70e72a64b00b70ae02be64473bd1c575d5bb157b1de86251a5aa8d571b92dc50387a8d8249a607def62c1ef2c2e5005c9820d101eea83bbf2086242d187beb6006ec83dcc4adb66f5cd7174c6c501e0e8e8df032c6ffb480497a9bd2691d03ae0241af01c86adeaf33ef46ffb2cfab315c7e3b9b08a170fe408e4ed518e4006f6118c6e88cb88b4b56bafa6b5593fb5963b691fdc7698d47710c9fbcc6d7082ae8ac80a6854494d6154572e0308d001a724cc1200b0b60650611fd165f05331170015184091365ca71afd1d90b728a554052cae0c5237e454ae080715dc9c00c0f0124350745969a8b332a829a21676a8a89fd3a99226725ba64de84b481a2803e1ab1ea0937b573401ec04146fe4655eb89556d7a914d35cb5600431e31089322729d6d35ba4803a79dfac2b669f7501b89fcf25c4fdbc3d9e11c8c03e8a7176e232810df458c6c2bc5887f3b12ed7f0d424b5ee6ea637ef6d0348c00bde34769934217cb53447a08aac95efeace55c4de287c80982de6c788b44ab2825f63998129d623efef6b8dd657cd310882a9a3265f18242657b46e7895648be91437183e6f63c96b74a28138dc829beb83ae52acad2687e5f61af39027287e403ff8ec923c06dbb898de1ca2611df43e44658f8411c344d7f776d2055641a9a0576b1577791f3b3341acd7b8e6a66c2207b76884c5174b469ce5edb18c4006f6110cb3d892e38d2f7c82957feea5b5deed58f09db01074e77a7a6fbb17e2b83a2cea28d156c2980015ae31275b0e2c17379023205eb0ce82f36a31071cfa8a772db0bf3b48831d32a438531dd928b029c12f53c017c5fcc9d6b25e5a14fa556fa7f822ebf584481cf5d0900226c4b3efd3a7b1e59321267275d837f5c5253bf48bbf563fa1947f2ccd6bdaa65cdb0aa97daaa8a83ed8675d78209afb612be07a33d17c068b2b542176230880a1ae3ed41c6252217f3d6f8f670432b08f6a9c01deacb5986e5cfd429aaebf93ceefbc8f98cb7a5eac4839dbe2d89d6b18b5149399e44cf4c8e862f26b2c935357e078a175d38ee7687586df05173678a447d6d89dcdddb4cbe27d15587f9d9c7045f926fab5a0ac908ed9448f36e71a889394e10279c0b40ae0202e7524082ba60c58bcbeb7c35a5d8058d7d6dc050c00fa188b7be8d7f607c960ae6b0da231a35fb5452ac0b0aaa6ed3789aab3dc114e73e11f9c18aa82c4c02ece2f91eca24dc1a094f0c94320940666480f65fa9cb7c7330219d84734ce85f517eb37eb50dd683e9feeac3d1d063035e5caca9534f90fff26dc51aea42998dd4cad54ff9ca1eb4e5974402ec8510001a039456e3786636fe357dedc1b1158427c38a1985d44e89256678c6855b2b8ccff76a9bfca043713a0dfe71e5adca520115f8eeba9b62347a590208923d8d3624d6c8f8f15b731a0795f6b0bd20508c69cc5edfbe9d5adedb48e9e7d92dae69ffac413e9dcf9b388f20a0158b7e7180a31caa985286e94a9b34e8ff9e7e6df8397cf04919a016a2506d584bc3dfa11c8c03ec23196c73a9f5dad7262a59383adf1e4f314153899263bb7c26075e8c9d577ad9b4ab7905632d3306b7045456a7650bb9b92bdfd71bab3374cb7b7f6f8dc4f1d3874890c2e63bcbba943a8274833269d7bbb9aa6c4c17e186fae2e1c8403f4999452a6ad39e7449e3831e453f4e4d1fe0e7e6d0c6948042538f100b17a637f3fddde1ba41f6eeda43be8e517f073bf7829a555c0d9a660e39c1a6ef4143d9ee9638c3af78c7870ee0c738ecd3875133f24621adacb946cf67967108002fc078393df1ec90864603f82618d891bacac68bc8c5ba8f2f4f3297dff4ea4454ee4607264c5555f80b8a8390ed70608514d85fd5ad14dcddcd1af4cf8a74503eb70e73a37e80816e881c9205641095a00a00594b5ca349e95098411582edd43b275aa6279571918c0a1a700b6433ae92a19575ac1598c2cd5cf2ea69bb7eea6d52eeb69b194efc937aea7a5bd717a9ef0d82be7cf717e8b55328b883755006b9f054ae9971f7c060d71dc840d89027fbbb1ebd2adfad9cb0501c8a876701ef99681fdc887981b30b39b2ffc4a1afde8eb58b9891c136c80db90517dd06aab16012c593d05cbbaff0ee7ff906bb77bbba9c3123c1dce5fb45e98051c10cfb701fc00ce0a35c0dda46b0a4b37c80a6b3b06b7e602299d88f82c24821480df7bed048bfc5dc088d54a93eb1bdc1b03dcd92e8bfd6da6d20aab60ae5190e116116c5461dd7ef35a5a83bb56dfbb955ebc7c96554b58a584683539b4967537d58f62513ea414383db0662fa8d698c6678d6cc6c4ab8e342e5de110d4e843042f1ac97f1ec90864603f9261fdcf1b6d9cbe98466b1753229e3cb828a7e8566a33e975554502a41cd0b90f3ea2f83ee010f8666f999ae9b90d08428f2098776ede238a0d90e1f2aab9d40ea031d7bbc54a9c8b1457a8d79652ebf92ba979e522b1eb58e5df614def736ba9fcc293e8bae8f4abd7a87186bb6a817bde7c2bb87ca58dab6aaf9a7a18dd2cb7b446b18535007dfe2c8510daa8162e1912955ae81f6c3e1629c0f85642248fa838890a5246482110a419dc5aa963dc5a488d55dac8db631b810cecc730d4c1d904de277f2d4dffe26db2be2669015007c043f4461785c7c17703d0867186488e71aa4b14db3222b3515da8b604874cd31ffce0d5f46fbef76aba8218fddf3c7731fdca0be7d3b90b4f823bea9aaf2d5349051d7f7d3fd52e9d4e954b678856837be25f07ede8bab8bf0060e9fc2a7ee54588089167944f9a62c833d67b1f917d072e5dff11967d96bc6d2f53dc104bf8045023dd6305c7d78dc5dca09c62f2488514f021063aebe5dab41f259151058646e69cbf84be4f89250d7a797b2c239081fd5886b9b849e3ca27d3e0eb2b788ab6a34a094c31aaab7488060b3156ddd4400e38780de0fbb54d5ae5c99505123e88fad2aa0c577e6e692d3ddd7c37d6e47e757d3bfd52e799b4f0d465b83ba27707aebbb4922ae7211ce8da28c2009a2834c4f01085211eb0634086d10e117f42edb1dead3b69fbedf72231649ffa6dbd576fb1ca090a429bf6202a63923e58d91a0b7ae1b3c68c4ff20aea826d436c0a311c00b36f6edbdc638a75deca31ae3c527deaa50075780e1ee3787f9c6f9581fd987efd98d4eacfcf7d218dbff3c7b8bef415ebb3360fdaba65163e401b6db9589d2b87a01b6340abc119db5e0738ab73fcd1e546fa9d4fbf98ce523bec4f5efe617a8b14d16fbf763d3df1ec7318c9f6d3ca0c319ca56967f8a249bb4a65dc6425b8ec6cbf07b0095e81a3ceb17af75f7f230d6fdc4a7356071dddb8cbaa267d9600d655468f78199052c6d5565f5604b797f8c8e80bfc3d68855561daf8af4d4499a23ba861cfc6b8bb203c86cd8e00b8f5cafb25dc71979e7a4ca39c6f73380219d88723f138de0fc4f1d1cb5f2e8c4a5a8c01adbaab96f1286b04d80bb1554b39e22ffd32baacd2c2073d425cc7e05563e180e79f79322dc0cd6fbe7b2ded5fdf49dffdd7bf8703aa9c2e9d3d917ae74fa2abc32909e1ec9ebd80fc8e01ebde3abe6fb8a9f1e35be8dcebbb690e57361046017907308ee90b4eb028da506f56d2c2a9c5545fb02a19d6742bb928756bce47a2d0be6ee0cc94fee89b471a0fd502becdb38db0bc93626af0cb992b4811cb590c7f1cf3eb43f7c8c0fed0603cea8f72b372838cac177f130bf99f030cace520c1ea258add51190570193e1a6594d857b78821d8b734b0954c63fdab03abf3e2e9d5c8ad6edeab622967b17b9057bb4795943b37b18213fb8df5ba577d9f440d524bc8cb2e9d5e4ba50574e62b4ba9fc496ab5ddbd9d06ef5f4fc3ed7b2c2480df1b74b615f7171b449bb172c8325166f8d634e66998a387c199c3c2874fda9894f9907ddc8bfff11c86cc0ee84b7fd08363130df7fce7b218fea827d64f693f03fba70cca23dd85e85affdc1753ffd5bf232085c8310c656d56139918d70d0734a96204072c182482338851db76c13fcb14cf5970de8a2d338a0b36ba95b444b51445e7e1262b7c725cb1b882c1ad86ae5e21cbcae281a5ee52aa9d5a4b1596d55107d63536dfde8263133d8688bfb8b89c3ae8da869d5417481c39d14efd06774584afa2473700bb116c565209831f20b6ccb11559d4afdd2cd638568ce7190684b6ede07fefa1932f9c7d82a392adbc3dce11c8c07e9ca3cdbd826b6b73fac27f9776bff2bbd42b83c302da0522c884c818bdd8e56dfd6c2245c459eb4642ffd5672cdf2ca183cb224b244bd5579b69a5ba92f6e1cac35dca1dc175aba647927b3d81684cd0c935ba69282be1538e85f610a7b55a375915a0823e5e224f7c52c29fdd2ea77d52b3a698dfaba45d86d80d59710503c35e35f0294d98df2d1111b0164854de10e4532cf646aeedc3adf7b190ef13fabad426d845193e6f8f750432b01feb701fdc0c0656bffab9d4fbfb6fa4f6ce8d544717ed03e2966e225eb1b81e0037167bc27e0b181ad31d71dfe8db517905ce28b05c8fbe41c9e306b9d9f8d1009c3e6dacea90809a7e6e44f996d16afaaa003aac36acee656aa14da9356e551717c99be1279f560c3925730c8eaeb51b0cd307c06f1fc0a6b7549f362eddb0136d001ae9e4d2337cdfc1ad896edb233cd59ced09a99fd148a4b7fc3c06fae37bcf0cec9fc36fafce2a38cbbff13fa79d3ff8d7e8c758c3314899a76df1b039d15d55b8a435cc6ae8c9438d50a20a6eea791aaaf4157332e05234470f86fb56c9d0a8573a5198b006125d1fcc5c2f95f4a1658b69633eef19a816e27dc5f3dbe8d2567c21c8852e41140c0de51dd1c0948e1a916b138b3ed0867633816c008a12849b516e637469fb374492309e7d97a838d503bcefc1d9cb07916a7141fef358462003fbb10cf33fbe09ba3318aeb0b4cdf0335f4cbdefff59142a40932d746bd2acac114e481780410f06a0c26804800c4e0b11196e5c87d3ced185fb00292a829a1b0d102dff5d552ff6651e34fab684c4730c2c51cfc6db1dc4610a68f729e92488631922006a7eb79cd6c2fe7413c0ebee72313d85712df871185b00f7e558bc407d0fdd7a176eedf52a13a68fcefabb8814b9c0c23f9e018ffa7b06f6a31ee19fd5be722e5bf5a5df48dbd7df488dad77c99022ba0c30001b233723caac46fcb81cdc7f658065eeb6c096bbbb66b671e5964552c7d5b85661753cb92d98444f06c470e2315ff4374b1562892088838b01d4e1feb2612580586880b62dd55482a56b0b50d7f7e01c2edee798e1a135425cd983488ea4c0bed0bdd9df47a7b644f11ee59304bed557ebf477bc7e070b3b6b872161a84ab80561a0fdc3cff121ff39d211c8c03ed2e17c80c698d85abc158ad36fff2f69e38ffeb75465592033b8a6705e75ed6a2cbdcb7900567119b883c382eb2a0e8fe0b4c2037e0c98e1910034aaa984df59d718dfd95781603460e353eee9827ebaae5ce74b80992d660924d249c22f8d131b0e4c7e7634cc1d397788f86d575ddb1b5a021141ac07c4565f01d321ba6f01e85df2c54b8ae05c3b43a298d2ffd1df7f97fb92e2b9723295b1035866295407825f627101fa2011c9dbd18e4006f6d18ee783b5c68416dc1596b91d6125dffaabff1b4ecb84c730a5cdd9a56c752fb9940f88098ee712b7068614ab770268ce73ed2d835bdc6f049b2e2ad34aaa1ad1e0b02ecde362f3550006df0f0eed5d406af8bb61c518c460ce5abb01af22b8ccdc050ce4ce72f4288828a100c925dd5c88ffae786279a71ec0df679f55596bd80654ff5dcd841ea7f2f6ddb4b2bb91ea63c4fd3a2b8eb07fa495be85159e2aab631348246e8ec5838d5e3efb9f18810cec7f62701ecb21b915e0ae5293fc6609c3d770072e89680cb0e61632243accc2fd72de2874a8382be00094d62e6c6dc1ddeb5c54476cb71c51001300b99287d54ce5908163de05a90892474a3460cfc47513280a38cb8296ef4d006e61c439655cf4a91b22aa9eeef91af4e4d806d7c8c5756ff530eeb9afa6fe40c3aa0d9805c81bc7273fd881a0ccc8e56ea4858505ceb30413ab8f62f41b6d0fd226eeb02d089b3abce0cedbd18c4006f6d18ce3476e657ff34e7aefed37528b34cad2a993a96b0d22f9b65c1111b7090b85e7826e38a17a70b045b92a1c553c0056011d1c1aae5d945d920608b260bf70527928e7232e07d2f91e566ede0b9fb5dc9a73e59e5c070f0e8319888ef6ad7f3e2407bc8f6aa0355c719bc0b3c856ab609873113e2ba984d53c0c6edc064e5d47b5a823395438662aa7e7b501fa68eb6e3a436c3ca963691da942c35e16cb19b323d832b08f60103f4a1361a506306fffe57f4c77debf99ce9bc441b049796989f44b012ac0e09400d7009358505ea0b10fec013d433af92ef66237fbfde20b02308713072ad5935d3e0821dd1245725b3f4b10ccea10ecd64b1374963cb2ea8a492a966eb248a1c6b6310128d6168f544c81cf7d8d3c73c92275768569fbabdfdb6411d7282b13373e45446f9023beb0b014046377670b0181f65886a841c4db1241345bb8c42c9e68cfed52de3eda0864607fb4f13b92abfb77df4fc3777eccb23c048c8c5ba9cfc279bb70b939954e5cd216a378acb431250964047ae5e5306eace11ac60a70cb5d95842ba21b4eaa541bdc2fb8af46378249805e050099161aa1a542a806970464561dad9389150483bf120c39f421b1d0226e52c788b6b92274f1691008402b01e23e96746a60a883d4f0b910ddab10883ecb0c051de1fe5dd712a38d0a01330d4a235b48b1bb84710ff01b3d278d9260e5eda38d4006f6471bbf8f74b5dcda6df0da0f28e6bf4b7cb5dcb0d079fb8480469d7156ef68eaee62b6ab87cad35c17ac01a8e4b8f57085a92263829202789cbfb12a87e83edc10b1c33c0537760d2d4b0817eb86016af56b00e9855ae0c780cdd051035ab4a2bb1430984ebb18d93496799e22fe6cc6a202dcc22837ef5713d85adbe99f116d13fcf10dc2538788dc9acf8d5a6bb01e58679145fe48e9ec5067dcd877c5873ac6b89e79e3e8e38505e0b0e3f9fd61462003fb6146ed08af99ededa6a511b1d5542ab943cdf0de6439ad00b419a19de3211549e59d73e2bd0132b00aae2888ccdd86a7d2137e4240aaae6d0d33addac1f6d09bc3e2a691cb0c2d02558290e0ca0ae4034601a5212bdee1da5ad24b1acb6843d04b77ac8a629696a08ee8b743498076ec9d9cbae6bd03d4121af57380ce330c31ba81f3d4c37e3062854fdd7302bbc9da6175c48d3e39e0d5fa027e76f2cc31aa5575a151f8d1a79238e5ede1472003fbe1c7eea35f09002a9bd42ec332bc48795e75659327c25805e724ab027033c901cd5c2e8b955af7985666d0c872b770573e762c088ef3188f1870c5e70d1b552c764d2d23cb440aabf2b20917da82bbc73b5fa9efcf3d86dc833d7c8e1051fa31e29c3e20ef03f24d88481f5159218143a11fcb950573dd67e04281dad00aafda6e7fe96783c6abf479b6bf9176366f736738ba120861afeae2352df7007d840b80e2a7a985fede234a4da5217409bb9cb7871a810cec871ab68f7ed1a1d1ac0d276bb4c9d0a24ae822a588b659972badb4428f967b564a2ec3232464cca00660f9d9ec2c4d61638087c40c90f0076b89d68fcc7eb9792483207a87490af15a666e6499c630912cb79532380974a7595c71c82b000db0b7482a1970601f50ab3987e60d674763a72f5ccf9d04a8116c0dee635146cba97b6699be18b956c73057c240b673e706e23f79de84c17a469d154aea65cb35408d68a989cedde5db8048b90944cc367c8ebc3ddc0864603fdcb87de4ab9cb425f2a13b00a34c31c105ea945da28ae8d6bd3bc1b90bd688c51960200f2b2447045735423a9df48092bd8acd2ed53b27bb2a02548cf682208c09cf6e9034d2424736b4d42584dcc2f22d5b0db817a1a62340682eb56b782b31ecc1a15d276c20a100d4469221b3f35f7719dc5950d3868635b9b40bf2d9af329560f49d47aa29a0ae40906a10910a29a0db37de4a9d1367d3ced67af8bbdbab2ce98b95bc07b7965034f1b76b896f2385ece802530f90f0e4eda1462003fba186eda35d2437726b5246d8b2c2e53269954cfa4f3f73357df9d64dc0036c835d1562393842ccd6ee2d77c6802617867bcb31c12d205074460307c002c25542c0076b00b05f60d318b922c165056619113920ca3e5d560258dfb456ef7db8740f4396d960d6286f015097128a8833ee6f38aaedd5203886b10a486b9757e1d68ad686b72a19cc01bbc5178c8aaba0c7f76ebd9b0617afb23637ab7dd6589174e93cf9e4cb180d9518f691243008d2970eaf1ecfa8eb2b6f0f3f0219d80f3f760f75e5a1255c0ed81e91b95543376db0701fefbff4e20be907dffa06a84038055406a1086ad825ac16b8f359b79566b33a22b73b0c28290302db957bbb4ff17cc3b86d32addae8be72d42604c475b10d4f0d0b3ba7861f9af73ee7f5a1042698980b2e61e9284273677dd4dc92fec0e3e37e86aca21b833b834e6a84871ac25aa7ffeaf6128e70ad11ce3ae25ee69287610f63c170f356baf8cb9f4b67ce9fa744d432b9e6ac90c233d620485502577cee16d2490322b68f418dafd10747206f0f360219d80f365e0f75b613544e6ac0c79c7ce5c4b23c3574de3660a9e1cbad60c1aea2239f38793a7dead9aba977fb7a3ab50027175c0144aed77006682c3e2858a2049280563986e7092a187500dcf3426706a863b8ad8b0e54cbd44c0b606be042f8a52f0250bd7a82b81d3e6bfad3a09d326073b54d898fa876291ffba215dc58748d662ea96b208b7a34ff432497609828326147d958573a3101a455b8fa85b397d3139ffde574fe994f913b4e1d7363cbb51df03c1667ac3721578c4d8bf3dbf4a9cf6365239a13e7e1b60cec871bb7ffe25587608e13010ebe1ee2c059347e6787c5f9b6a917de489db5b5e07aae450d3fa51ef889f4b95ff942faf2efff6e80475137424301b73ab6535dd0050b65f2c72ec0647696bb0596aa77092260ba471be0cde238d703d0b95676b05aa6b6b0fd0bb19e4bc24fcef9827b86f18a938bf44defc871814b17c24f2de78ee01838b40b1b586145d15f1f7658c311d5c766a04118241833fce3679e792e3df985ff3e9d7cee9711bf4904a1fd9281321028bed00e21a7649959fa49f75b07117e9bcf636e643fb965de1e700432b01f70c0fea9d39d84cce83845ebb345032b70cc2a1cbad4df4b8bbaa2d06f77f02b2f5017dc186aadca33dc5515387673e574ba7cf5a574e9ca77d2fee6cdb4427593582e87990d6ca2dd39ae25b9a735bf3fd8cb3d35a6097f4129c815c9bd56ebb5c44040064a0f50a26bcd5a655618f532b0cba5b4cdf5a2e9e03440ccf51cd4821e75ce69282ce088f7aa00564e0d2ecf7e2df133b8f418408f10ef678077ed9917d3f9cffd4e5a38ff1c2e3b22cb1402ec8afdb55310010b49449e37659b2653dc6118db5a1006cc769c99b78719810cec8719b57f748d13d5cd92bf755e0db84d0deed84494adc3a927065f00e22e8503f71137ebe89bed763bc4e702805c8b785a421f6e5231f4f3bff5c5f4ed3ffe3d94e0096197878ea682eb1670562c3f10cd35a1810f133ce4e4025222a0dd5b9fb72eb380921892230b2b802427960885ad9cfdeacfb629ca3d068c8330487862b95f410cc00d4029123a0026fabdbab544c1eb47f8a10704a10c21646396dc5db9f2623af5e9dfc6307839cdb1fc4b212ccc50f69942e290e8144f1209241038c7a9463b4dea18efd2af2c8e33b80fb165603fc4a079498059e0f0d95ce62e93769189cef4c5ba8bfe8885d993a670add4ad21eec27d39766f63bb303821be3aa9b18901182634d94e72af5a67319d7efac574e5b337d3adef7d3575da80553998ab23bc934fccf7688bcb0b0073a3e0cc715e714ceb7480863e2ad08604cfb572672351d082c1b7edd21e34c106b5b2077b3e78d7f25e801a42c1a19a7af581914c6e6de5162ba92a82bb9c4f7f1f50a36ee0c74a4b573e954e7cf2bf4e95a5b334ccb309606d0370f412d249c8f7e8053e4b713bd34d0b639cd5571a70ecaadcdfd0573b79b0153d3efc96df7fd6086460ffac91f947fb3f3cb9e47472a916405e64c677996d1d4e68c185e44823b88d611c5a99eba4232e9387ac487b6ffd1e137f90965717b585c58476958f705f5103bc4405fe19111e8de556fac4677f95b4c6db69f7c61be9045548058685062d7e2036dd9cf27260f70972c5d9c2f005c16147808ef304b854069cb0bf00bc98b60b012cc073b8054707ac56373134345c5b1c8e48318d7080ce90568352d4ad2d983840f4eef7fa3cdb88acb45369f185cfa72e5558cbddf3748a52c881dc7884d0abbdaf03e87b25f46808081dd1da3e41df6e22923b9e6da48d3dc507bd026c92d1b836bef1c73e1e7eceef3f310219d83f311cfff9172752c1210b38396075002c9857e06854e5e63bd66526b7f5bea230415c40ce3155425697974297ded8dc4044eda72e7ab321a44aa2b6a8714cf113c5f960a6d330072db4fffc6ffdb7e9077ffa7fa5616f332d2e50fb9bfba803ab060b5237b9b1177a4b3fa90bbbbcad6016940ae5816bfe54384911b88087622eb7f24fc0c336148dc5cbc1b4e0b3fe6aecf3612473710303510c42d1672d373795b3cf5a60d6556b5e7a2ab5af7e86d7e7a1742c33c4da5e1161278ac1a6bda187c53bbbd4cf678057dd7da6e55da31fc09e1156ba8028332280a711916e1c879846a41d4d8c38d7e58820a3f10c19e0fe863fb96560ffe4787cf02de63b93c94d51db08e6163b9b20a109383a4cee166089b2bb7068fdc082440baf5357c3d852b78b8fba91f6f6f7d2f65e2f753b08ead43b2a113e39c3a8e67cd78f5db6e6b7c5c4f44d73ad258aca9d3369f5722b3df36b9be98dbffe63d4ed61acbea19f790caa83570162cf2f202de07573b186b696ea03ce2ae716c89e250c82014a050ebe8bfae2ae07ad783ec0896fbce927d7b8c5e3e2e2c2c825a8e9b30d4e8d21efb18208eb5f779ffd6cea3cf57caaac5e6290563819098486e704bc4cc2d26ebb5c27e5d08d46bb519481b6e782544ac7532113d09f222ed51876725943f2b0bf2e2964d698b9de03da1ad097117db13e5b3c51e6e00e536c19d8872371f02e380f855d01bdc0445a605f1358347937f2aa823e5c27c53036fcb1c3b931cf4e7ce3a531fe30e1ba94fb6990a934c090b4c58a98723b4b038df7b7989804643019f50347682660727180b2d671f65bce680ab8ea9d9574e6f95f8b248ddbdff932e026ae5c919da577b4895974a1e0bbdc5ce40674ed7d3c44c17dd9afe8eccbdd869f44908cf78cf3bcd0f379e7e573141b40a433e172e39ac8e2e2193e10ebd18f87807a4a1f3b2f7c21755ffcf554b26021f799119c627f3019404804347d7260a517eef706f4df2e795bdb9e2325288578acccd240159ed1d3e5cba698da5b09450902504157afcd871821e1eae34a1a302623c62c737007b6d832b0190727934c4c4830cf289e3f23028ac5e939b20ae76b32fb0ccaa868b12589a1c22472028f11bd8dde926b0b4c412ae03bad167e6a169f8733f5fa14e8c71024b76ec3c17ba468865b8976d58945b2baac811a2651b8204089fdf664827e5a83035ea0f67885c08ddbdfff4aaac2e91bdcc3104f73a6edb7fd378fb900703ccd017805351c5704d1b77843c48d9544b826360e7db079821b8d0a462ee63ffda22fead6f6cf124a5abf47a6581206db7afe5753fb09d6bfee9e445f363c16103a2630658d725ace052415108b7e2a32d836e7e8c676d32da7183e35ba8e6757709995a8f5d6aad3a6bf02dff93d74d1493426c4970f11d12bd833ea614137249684157e9fb11c9c7f5ee303fb7b7e1cb78f35b0e3c73f10b79d0015266d9be0880e93a4cd6c5c007486613a61d583e59646713931358c8de05ad6f3761a453416e7b4007e2b520f1371d758898930ab01c46e075d9bfd438c69e30825c54a2e6898d4ce3e2777bcc3c529291a166ba5d3b1139d85eecf026e97efb9fdfdbf4e5dda6c486010630b2ec793f05f103a9585e721efb55f61550738decf6aa61ef5798bc90f68fce00e8ff3c56016dd4f7c2daced411168310a2e006ad588d5f3a9f399df49cd8b9f449feee2ae43bee182a24d89076df028564b116020971bb8d13e37931b4b1023580584fbfc12c6586f9b7374d5b5a8ac1a8b227895012fb810ad7f6ea14775715748c15e479ff18523f2d7b1730cf98dfafac369cb3b15fdf9f801fc6309ecf8b10f00ed442b33595c3fabcb645c601e7601b3ab49d6c91dae315104b5dc5a8ec55c81630d0bae45949445fa9d8caebc51e75cb9a900db87a3edc762f3266334292ed08a736a2c98b7bfbfcbd23a2c566702355b5164d0cffa840be0799f19c7d19a51bfe9cb894be9eca77e334d0974b9f7f2dfa545eed142d477d9da0836012411abcd7e2dd8baa3e49e82ed009701d4705f1d80d6595f68df08f402da73d913ae329ed5e7282ceb668e217ab382a616f0f2e90ba9f5e26fa4da85e7d155964559413c1c586e29410ad2c17059e9b48c126c41c5a26022fb1867cf08a246bbf63f027a2062469f1921670db61ae36fb9275507ed12f53980ad11b8421ff4753b52be8626a5f3927b57f94dea101ec5f321d78f188703e5845b7e7c00feb102b6d389d9e5df1017ab4c8443516e81c9b9c0646802cca640448fb62e97c5fc422c6592cb5d9c5403ae1bf26eaaa33aaee2ae22bad7693596ab0cb0145bb44071bb43704691c5850400c0674c3edf274cc0a9319efe0a820171fef0df0146827bce88bb9ec1c91ba70037515c43ca26edbdfda39012d4e3ab70ee09fd933b0b66c1189ff96e9bee8bfdbe870472c83d0bceaa6ac08d1c950229bcf9dc7e175896318a92c300aebc7639755efa17a9fec48bacb98d918c6013cfe3518370c8980d8a2b8c747cd695a6b4305402885f2080ed2709100314e746cc3b0037ccd43a68869856f93db83442530b2285e4442a6a8d5cee599d3164fc540b948c0624bd8c19775357cbf8d24b10d6fa801552f84d06bca6482a12081d950c8b4f7aacb78f05b0c35874f0336a7ca95234b0c984683289f4b22ec045bbe8bf6dc0a6e817eb5ec9f1980107c25cb02113174688d1bab64c91f425265cb84e50cbdd153315bf5d4b3a5c59100a8d64c141015595f64364868355aa98e4a6fb4cb443a0318b9d75824364b8dbfbc8575966b7d65c4aad0b9f48977eeb7f4cb7b9dfd66bdf969d45a9a1160424b8a4e0e593f7569c56cad03fac582ce04387f73dc683e7036cc1c700763052bbe0f93cbf846cca388d48e31cf1b974fe13a9834eddbcf4e99470e395906284485cc7a778673c6cdcf683733bc368b3ac491b9dd8ad9053a4251ea0af109119d4c0dcef297e7ec7b12cf7a6151e0395c3fb149b4b05b9b2490595a68608de684c187b886d6b1f890280239b4f197bd7391b4090cafc5ee501ae422bb5b4580d452982dbf29faec7931fb47cbcde8e2db0e3873be0cef193c15dab705101dd62925a8aa70bc8da1ab5108b5b51874b1d1acace0fce2932d1101145afdcd709a3e86d9eb17ae60c6eeb6a984d088322b81cc802802e56173622be6b21370045aeaf185c2300a54bd8e800eb78adbb8a314cdd54240010da579714dbcc7626208423c2c28c2ee57a5c3cb5d672ea5e7a89095f1091ad57bf11e0ef6071af1c1010012e3823e38b767d26395ef481637ce49e809a6714c0fce53bdc2c90493f38ee6797f1195b395555e0e94ff2fa6caa9e793a952890a0f86dccba08a1dbb1f918341ffb823ef9dd4d3d9b220cdec7001e374f73ffe138496a6680d18b2b8ca5c6413f1f424f1fbb6d1e3e433420f122bdb36a81077e836663808dc4105e3939aa10aac33e05226b7c3630a8bacf98b1ccd0082927124c1c5ffbe176cc407eec80fd61eeec3c2df1a3567b3dcadb6210e3f76b3291db8acd88da6dcafb76f8a16b70bfd0a1e1043171fcb5053333367e7a10e04a938adf5a6303b858ad14b39b049ca88fcb459c8a638c6aff7f776fd66449921de6ddcc9b7b56d6d6b3022088214140469849a228231e64fa017a90feadccf4a447897c9089920d658448021430985e6a7aa9aebd32f3a6beef3b115939333dd3ddc02c3df0aa9b11e1e17efcf8d9fcf81ab6e4c2f1bdadb50a56ff5cb8c4dfe7b494ffef3ffd3f9bef31927cc3b64dcbea1fd3593b4f14218dcb3ddd02a970ab812a80f5d9ede81a1c9f6fce7eff4f37dfffeffec70cc2a73ffcd729e203ce223f64c0c9be6b2e3730548cfac90aaedae49f7e5c50cc5575688ff9470d684eeddfaad4b680bbfbdfdd9cfee99f6f0efff0cf36fbdffa03e6d7f1715228f2828f20e70fd12ab2287b59aede4b17fa06c4e9798811f4b14206d299d41d6e9e35ae52db17374eafa31903ce43b7bb60bc5f28d180596645781414b01ae074aaf11a2f08386e573d3ba3257fc501911a2796bc3ad879c52cc5ebd72f366fe866bdb53b4479da1d79103c6eff2128f93f18c5fe2985a6d5dc327075c8868b0394f114a13eb56545013d8cff14669e9c9ed04a3bea3a4a9d3b0c67152005c5f3c3944e05d42381ded292aad8f6356d759ccf766acb85282a9123b07e1943e1b58534ccc8b2ca1328147644e7883eb7ebae9dc2da3fb94f3e8ffc7d83f2722c2f0648a9edcb57191a60830ff29c30fbd1bd2daeff1e5361e7dfffe3cdf7ffd5ff800b4b3ff33ffe5f9b2ddb412ded8c6f62e97ebb5c731a519456ad4380f51a5cc6ea7d817a5847d50434ecd06eae3086af5182bd7ff45f6c4efed99f6f8ed899b5c720d91e2d9da3eabad8064855dd32183ef3d31b1878a6b8132c9b3a375abe6c1b1539d1d053b9a69fdc0a3c805cf96103c60dc62cf197310cd5ce110deb97f1156ff30a4084dcff6d0e8d8e472093e70ac37a80b771716f94d6a3979ca67bcd0ac0e7b8ec2f3821f60de9dfe07d5cc2cb2bba00c1fb07a0e4bffb8a7d970928de9123ce0ca4b865d27ee7318a7bea91b72a618aed7546afb5f2b6b4b6554a89d32fe3b28e80ea35ea0a7b588023c2ae85be66181ab54aa18f310cb6f62e4c51d86600c8e119f2e382bba90131e309d9735eaa8646e164b6e85bdfdb7cfcd18f367ff0a7ff82d6857e34f8fa3deb1daea4f3de37b8e87b6cf144be93deadc70737498427a172ab14c7f770cbff6cf387f4373fe294d34f7ff8bf6d6e9e7e067c525edc072f155a6c5102e1a80c6a9e3f2f0b6e6aa89fded185dd51478e66d86c7ff05f6d8efff8cf37dbeffe93cdde7dfbd3223f4acd255dd23ea8531a1deb94a271bd7df09e607a8d80e95c5483e524c9e0e0a778af50346dded050a59e7bf36a08fcda884a4d82c1dd82258051fcd1b119d5b5be8a34f5372d0684cefd54973a833dcacb341986f118a37f4c4bee69acafe987bfa49be60780af918deb5a727821c277e58b8a00f57722fcee2af64a70887d83601c607dcfe83f9fc1f4635ae7e3937bb8a56ee0e7d754948b4b66eaaae92b98e600cd5d46e9c22a5cae5f9eb3b5516a8cc52bb72222f0ad6ba6bc5a6a06628ee8d7dd2a35129e42d63744c010365bae4bf07421c58e2f6eb861a23965a67fee3df8cee6477ff5bfe30d70f42f9fb871304821d533b07fbbc7d5c52f2ed8b01f2c2ca7c5d00f0494be3ce5d422b39cf3f4077fb6f9bd7b0f37c76cc0f8e4fffc5f374f3ffd1403c1f41dca7d8a908e12505385bd1a4fad5b2843cb6c8b7f49fdaceb259ec0d19ffcabcdf10ffec566fb9d7fbcd9638e3aa5269f0a6ace7493fb945adde1570047954d5c7db706df9bd7a04dd9d93727b86edd2f747a1c72037118ac3c2f12b5e61d1ee9cdccc2140940bcc00442b03a96a5e36e3e97a546df5edbfdb10c5bf1495c578051f5639039a6cbf2f0024527df3356d07dfee239fd72ce7de31cba572f380c83343b3c946bbcab2b0c78df3f5b64ae41bd41213cbe897f7ea7141b1ecaa9a1238457a1371f7fdc891bf750e00b94f9dc5614455669fd9ed42116dce59c2ef574c0c716ace595d96f25d07e1b42abe421254e672924b5d408bca3ac9708bf52a41b6abfef9005104e6fa9d4291d02d577a951a6f5f3b68a9bd2edb142a11ddee0ac34024345fed677bfbff9d1bfffb79b3ff8e7f461313a57ce873357eb2922cde73ad74468a0ccfc66e58fc2ec1f5b2a5bdd3d078e7eff8f36dfbef73f6d8e1f7d7ff3f1bff99f374f3ff8cbe957debbc8353f026716658393124946e0f93dae1b8ce1950b3df044767ca0fef44ffe7c73f2837fb9d97fef3bf4a7cf597822fe53a6fa64d996ab6e4a3271a29a299955cbae116d5815de78d34582e55e40d397c7bb72541cba4bbb80ea5e40a38cac800060b91abe35888ba3f6c2682cc20486d241935c00e180137c69da927b383d0379c4395079008c03be4c727eef0c7ac16f3cb317b4e62ff0fa74d9dfd0605c3adbc1c92f578c2fd8a23b46b016f76e46638affa6fcfd9d50ec5886546829a5e81e1b2af69e7dbe3986110f38a0e0fe83fbcbdaec19a85220da89a402e926eb6edb3af31ca7a5be024650516c0611eb5a5c5d62c3ec1da64cd329c1b8c5fbcc952820b3261c0391db474b014eb67eada472e00901d5f1dba3953ec485aec54a1c046c2da6f0c7dff947ecb9fed70c6e710c109ae2e8b9472459cd7d5cf76bbea7b543f838f21301e60afed3664fcbe56776c59ba7659efbdb9bc7fff2bfdf1c3d7c8472ff2f9be7ffe9879bb7cf9fb30985c1430c8987f53bcf3e368cba21d4b68657c77c08f04f70bd7ff05f6e0ebff58f37db470f51684e3bc9e00dae29a7842148457932f51ac53652bd343890bfa8d9283cf529c83ec16144329c2f70faa161cb45ad2785344dd7fa81593b2e4c5253d60a84fcc2f0d142f8391ee2e0a60b851ca9b7f3a10c4c02c906df9401eb036cbb56240726dd9d16b433bbc11ef163661a1ef9dd6e68f2dc961ba3fe923de62fe897bf7cfd7cf35a2567de7ec7ac40ad3865e46140d0a112457e43c2375eb1231cc472fdf1e10b0e2940a90f60cc31427ef1f03d0ed97707958358d3127bde174791b46e628fa599ba6db6085956a90f338435cd070c59fa6aebaa28f9129348674baefbacfedeb00551d9eaa0013c02e7ba5d1f7e8590da22285c0a9682d668ae79332c08cf22941a0ba7c47cb695d9daffc7d5fdf8fdbfe6cc6d4eeeb470703ddae2fa21549a805ae4f0c54d45180d4d3371a528dc580bc4d881afe347fbb4dee7fff49f6f8ee8c35f3dfd09eb5a9f6eae9f7fc2fd279beb979f6f2efd40dec77c95c3031198e2db7eef079bb33ffe6f37c7bff7a79bfd47dfde1cdc3b5dfad300d3e059c812405df24520e3bdb5b5f64757f656b1b39f4bbceef01acc6b1e31bf7c416bc94bbb373024fc3594758f5014626b914d3d4a2a2ba11b400627bc278035a4062da7b5270d85f7a3249b028936dd250713b53efc0780656964a2b0bc83373718ef2b0caa22f1e0ecc1e6c17dcbe238640ce3e7fc5e3375f68c41be974f3fddf0d9efcd25ded015fc13d7007f8314fc9badd8ab2463312fb09617108ea3f670854f360f4e69a51162d75f37570c33548c84807449907149964e9c561cc140f94630488cd9bea6b59479d3eada36184650ec67f33f6b2fb37de936c659ba99cc34e8e5f48a024b09534ecaaba15189676ba71b4b2adf744b2b61eaef7ef7f7364f3efe00c5fe2e02829881a382e2d6cd8d278d2c90353c0da6594be1e2e28bb75d87d64a6bbc0e59f6c9973a857bc87ee843ba26f8f5c0c1f0f09dea0d4734ddbc65fae7fffdbf37cffffa2f36e77ffcdf6cce19f5de3efc366ef719adf4d2aaadca230ad499c77ea13204eab977d24565a1983558a4c17c8615c6dca33cacebae3ee683768e2ba275d40f23c8cc4023efe5831f5a8de832b40c06b470a6c28c7dde17e3208816fe40bf662340369be2b846f45a8cc2505730a450f9c9a7c522f58d5d0017ca18a70c51b6a7b23ec4037af4e8710b5edc82fbecf317b9eacf50f6e77844af50f01bba2d484b787c13dcf36fae62a3d4326b473fe7018341f76821fd48fb09aef73d5a9a87b84c27eefe8129ce15eb0a176408c14526b66cb526f24ba2aba5beeb8feee03cfbe80294e18afc0416bc6eee3973c1636590d03eaa2eb0c2a59921add34307b87801e0b5279aa4fca2828b69b1ac2f6979a6035e7ec6962792e33ad27fbb668e35a73a29432da98bad4e0d0cc2eb88ba4adde01b75f29c6e9ccfae0002513d13bee0f1d1879bb7b426177ce06f1f257f4b5ff166e73492ca72bab961c06f73cc80da9f30f0f783ff7a73f0ad3fdc1c3ffe16a3ebd39f1de31744ab1f0d7eea4a943a6023bb52ee0e09cbd8332fbf58a931442f19fdd73aa348577cadd395640ed93783a062dbdc6bd41848cb030aeafc91d71a6a71d253b18f6cf747b73ee3b37846b5c8247204dea9327156e9d5e244800a7442ab9e132f3daec9167b5a7655622ae878c815fc46d7e3cf211ee0b718a07cefe1e3f6013c45a95ff049a68f98667cce7cf9db070f37d7788fdf04f7fc9ba9d88b52df40b8c327b88d28a91becdd2175c13ee77b7ce3ca692c0fd5f3c373fa54a3972351e9360c533fdbe70c4f15dab5654e0a80b7ba78239c2422950c77ca69ba005a0407df6cc95ce26823ef28ed62046835aedf72a430f14acf9e4aaf1439488511cacb44921cb8b3ef7ec8001f625d574241bba61515b6d370e26f012e8a416395f5046a476b2b9e4edf88d35e4a0edb144efe1d408bedf1dee6c5471f6d5e7ffa197bb94f362fedbbee590797b5524f5a942d07298e6163408fd56b07f4dff7f076f85ecfd001f851c04a12bc27aa3a4b9fa2f903490757137d41288fe4117f8110e4835ec4f51b8cdc4b8c5971f6731d1fa06e766d98c1983110e1abacb8cb003085f3ffb32600032050febb25d601cb596f401474377ddffee60a994a67dae6b52d5586540379a242e3392c4a9d6cc02b0f93a85ccad7b06b24ac7d632fd21c9ada0dbb77feb04f147dcef4e2299ece67cf5ee279fd64f30ad7fc925580bfedd6fb1ba9d89272475f66fbfe078c1273d2e7d9052bc498b3a5a5be8f721fd39f76da436638622df1db2104b3749d546c613462cdddba1c91bbe278c51da2a6e09110e73c582a8ec222dc04ce967519d5b6759d29305a4a5a9b65c0ba29a2fb0c36e151d2d585f168a8a3ab0ab2a7963ac0e57a6cbf9de528ee1582a1c429b2ce891fe12edfc3d25ff1e1ba2d277bba1aac396f05503cf8a921b989c5b1e183831d0cc7f719b566fae6e59327d0ebcde6de7bdfdb1c3010b603d6ebcf3fce1b387afc68b3857eaf9ee13e7efc11f4648305c2eb1a70a19c7ff78f36471c90e0b24c95c3a0ee441b515017082aa7c48a96de4e52ef7e3ee890085ce99217d4fbfa15119d3223af5070c70600629f5aef44a596d4d2fe9a9d5ab5a22621907de8308ffd5d8b9f41b5d41f638652f24f54c51fe883667658a5d4708fca399a2eaf5a0f8f82abc48da95879f299caa087e5188af2250ffd178ee24fd2fb4c33de63f5e2c9f1a79ba3a7dbcd93cf71d5f1e0deb20a70c708fa6fabf5fe662936b48aec10f1f26f7fc4060d0e0a3cbb0ff1f8cc2c2391f75002e7a5534ad25ce98ac120fb6447b8c234aeaa1c8a3a4ce92afd61b8cce01621430860defa93f08e380b2b8b8020eeb96c93b41a78c40c866b241ce8c1c2cb6c22dc972d8c534ee4dce99aa3f809898681e92ae7af1de56ede1568ede2c2a7ab1f0bbe62daea280a7af0e83b8cc0bea4f104d6daaa789c90c284b2d9fad55a6bb1c41fe375c0f4ccdef672f3f2a3f743f40ce5ddd232efd182efde320047beed018375ccd7be78fa62f38c6f51bf61d1cb11cb56b7780887d0d3e9c2b7b8900767afa9a5abca46b94789290a85b0486921258a57cb7495a36b2ffa238dee06936914345e5abdeb97940b83a8527455e95444e9536bbd28751b6b2851fd5249ad3b4c0e747d615ec0b138dc4c04efe483dd2e39ac3cf8769fb2b6765ff837f8034219a012fe9a1ba782f5d5f1b01a21c72bcbba581a69ab6afca0ca760130d0eb6ca1c73a3b08aad8f8f5d26f3d7e6f73c69462873f7262cef39f7cbc797dfffee60dc74c0fc6809698bfa1f08d51ecd5b245f8f73fe428df0346bccf368f20ce05fde933b73ea2d42a31b2511fcb65932e16b19fe65ee294773bee95443c80b90e82941e46d920adee9ef4d562270824d0d56e0db23e9cdc52028169df5ae5f2d9051c8727280d83772da0708924af14c6bc701e5c2b6edafab56c5068fe34c9b225d124a929e3091c9e1d313a8c525194adc25b06b6a812a9745715d4091a0c5d6a17926ce9931fdf674ae6d5a79b273ffc77b4f68c35b0a964ab526e9d6643e05827cd22495acdcbcda7cf5836b963aa8b79d8536878b47db039b940d8581473c4c8f8ebcf6ded9f531e53696ff94bfd54dcb56c7b1d9ac95a6add7ae92c5ad5a9aa22f48367d1432af8443edd5cfaa02af58123fde6c4389a57be385b0122c17399ae8a3406614a5771290ef850c37241041b2a816051569778951230f2cafeb9c07b25aec22f79880acf7ebb6eb56eb853642668cf3db22520639cbd10de84c145cf20230b6f310b9405de95e3c0245e1af538a41bf43dbeee62d762ff93cf37479f437bca788111de41a455c657c84b01bf96cb6f5db1239b1482301bfa2b079f7c4c4bbdcf4293f3cda37b0f70c14f371728b82d7287fc4170074c5ed32a4e27943948c552c18fa98e5acf809a7d5bddaff626231cb95028e1b47eefe8a9acd4462388e22373e12c7cb66f3d0a69cbe20eaa43ce08b7e569ce1aa6e932aad52ac61e635307cc39efd8e860bba1d0b8d044d1ba4f6beab3abd31428fb783b963cbe6209ac2ef5eeb3d70c82c37c14d730f9ca821b4a3948b40273faf062f39a63897ffc6fff4d4ab263a3c6f6888d2ce77a3268217ba639eaa47ef78eaf6a1c51c63e2d522b423152c77c81e49041b4eac916b713f736d3edb9d1bddff24dadd1bbc18144c9f7ed15919cffbdf78fef6dc921cfa42d52a5e2863ef5150378eebcb20722cd340b793c4e454283a6a08853a1ddd125075422b337aec10be79de51d44f67fad6d2d3989a65c6e2c50032c20f362ec55c1d630f02e3ea58928b72d765e8065d9b27325ad83924007beb2e2601a4fe00db4ca098730c37bb33191de94176cef8943836bbd0f90bd1f33eeb1cfa6134fb57d8e1c7bf083d6a0a39d05fb6b0cbf75c5aea2d0e3e8d3279b3384d40d0a278e7a7370fe3d14fa9c7b8964cb29f3ae115cfbd51d5240be1324f6868197cee48295fae3b6ecb6d8da0a05c1304c91f75876dc68839fc9511e649c89eb7341783781e83968e175e55cdce082175b980c00dfa2f6803d5556977cc788b4ad6a11598529cfb81a25fb918ee053cede9bbdcd2bfac387f4694ff8f0b4f53de75bd16f9eced9e1e6b1af6bcba2e8e81258bea3e747b4b4af3ef970f3c10fff0fe6edd99d76ff310a7ccc14d7b35ac7533eeab7bdc7d254de3958e652d0ad2bbaa0d73ef77a11f6e1971a53775a34d69b5f615cf66f58afcd8609e9a77c0f5d4adabd0a64802cd1551df9d9905e10595e5cf0b79f31f88931b41a578e3b00e406a3b7c55b68c307c5ab7ed7183ac9278f6c29c7cb919ef09b5364f6b9f25448f549bcce70dcb6ac16ae1bced55bf927b71c78d3edb615b6cbb5ae2c149878cabffd1a00698e4c54514bd108934063615abd066f80535f5d2f4de3208b809fc7800c5d3386e14eb2c78cbbb8e6e16f3e64a6823ef723d23c23cfcb8caaf02d7f954e01ff6ac36f55b16d3925cafe930f363893529516e5e1e611238b9ef2e98099a3c6d72a112da3a76bacae1764a115725d380717c0185d62b5780e354081241a71b60e6dfcb1e55469dd188140572eae9bad195c833fa891fb816d0a50785d7bfb55eeb36e0717f02ef1126ca06d19151a83a3b02eced83fa430b2c3435c6646b233065a7e4ef2a025f40ced1b144c75158ebb8eae28ef987a3e7bf2a201377ac0280ea3ece0e5a0cd9656ade38a70f18eefd357fef06f379ffde57fe05044dce97bf771a9ef575f24362fc06389ed9a64d418ed36b8ff9beef3bb00a114275b9c02d538706f379b20b6877e6648daa048bc4e41979c2ab4c1f8862396fca6b1ef2bb42971d2bc46a98f185432fd158b6daee91e68119c16dcf6891f019189bcaacc1eada68ae50025769a68a69a5e9b4045c7d810df14a2a5d82520b30adb5414301af3e0aa9b3dcb49e95a004f38ae3d788b12969ee73c02c0889b7aec95bfe4b3de5366b3136206cec6abc33604caa1adb99e97df3d53c93dbc2398089ab473530fdbe3360fe193f2f3e30f3e62810b1f8a20dd11f93e9dd79b330000400049444154a7f5be06a7f11ce5c6af3efcf6145b0242b49b9f7cb4b9c78093add4b923c4b4d09d64c2544cfb85117047867def3483871ca01ac984ebb0f750985a2118555fc9d698f4f10a86b83cb087a5bce69129770d59f3d5fa9250018ab7888e532c0e80611d02b1ba8807b4be7e6ee7e68dc2403db4e6e0f296ad9706bf476dda984e0bd83a75467a3b31142be0276c3440af18bc3a84c1af7057c5e3fad567782b8c7463e93d9f5c6fe194565a37fb93bffaebcdd3bff9cbcd21cae2c110c78c3d1c31f6e00ea4fad44708b4036708956eb5fdbdb1766b4def5cab3eca848278eb9ee5a73ffacf9bfbfff46073fa88214be241b60cbe57d46f03af5a9b9d8b4a1190e71aa5b46b01b9a5e0e6ed27cfe992b85414c177ea109eb55a6e19949c67045b4502b01c752388865afb5bf9bae99cc1de57024c038ce1ab2d3cdd07123ab20d07f8877522a9adf40410e1bfb8c309b2d9b22a0794c3a5396c4bd6a0c3c7f6cb6388f3924408a3a551370413406dc081a7571a775a7ef9658bed58811e86571b07a926ef3bff1d7cfc44f0f7bef39de4fc33564d9ebda25120df5378e51af45f57f8ad29b6f4db2150e7ec9c7a8f16fac0fdc5f4c5eea3d89ec0e93795f79ddbd4fd950710eb2da3abbabd124db27b287ecb1211c21304392213370362c3729998258689e800801426151265e4d1a8cec3d2ed2a889923b5b62e2a658f4dc1280b5a69640146fb9ef3bfb1c00af44ee3a470a3e49ebfe3e17fb66c47b44e877e970bfc5b7bad3b0c5c17c4f8edabd70c609dde3b673db273d0b8d178201e967044bffbf00c43c6eaa68ffee23fe34dbcd93cfcbd3f629ba86e2cadb28a8bf7d1a9a20a18f0f76879733971056fce308c2aa8018415f255ec6fe59f48d7925f32b6c1b40057a66c38277c9fc141a901c882178a98201009c0609d003925d8a5ec185c5a5a50ba62b0acb10978a7e782851ae32b06184179140fa425ef5d7e7ba08251175df2033c8603bc0d3cdadcfefad214b93dc310a09c572886eef41b5c7b22caef88b6706f9c83d430a3743a149545710e1f64b0972a8cd1e5816a94861b0f66f0b9b5eae0237f6e656721639f058610d65523a067a5f1c70c50366542583b00ae8454fa2c33af8fc6e6fb2c04b2ac4fe836edbfbede5c601c9eb35acd33d9f22e17dc7e5597df8a62dfbae01f3fd93c424075a3ce38bef631add319d347d3ef41a1556c88d14204adb41289a5de7275a0cc3eb04272887be78e2e19b3c296b9996728d5bdda47821171c82ec34d6f0c372ab18713eae63917eeeead7ddd678a50826fb02e34281819941201b415682103f96d3d1c186af41c667a5882d964fa9cdf25f3a7c57654fdedcb31486fae5ed2f5c0fd055597561e336575efbdc79ba307c70c903ddf3cf90f7f83a2d0faa1c8e70f996ba6df7cc0eeb53d0cc59eae3f506bfd2e894350b67812eeab76e4b83a8344a3d914a04bff738172a5f5f1c57be07aca7645368b3032ef3e73c947d53016c0802c662f8ee74ac6eddc3b22918d0e170f5cbd7ece341f2ee7f1a3fb9b9be7e0419d66f08ad64ce3839594260e3ca8087cab2743a962db8fd6001b2c5a8beb809b0392a0881180ae2935b30828b63c694d7e7946991dc40a47b38bb841992152ef69983969d1dbea6ef6c635b88e82811f61edf20d4ec62171e0a388b84809288a0a01bf6af16e3462d778288db7f846cb88a0d52d039ddf7bfc6d16b31c6d3efe8c6da1d6c169b1fb904143aa40fe0ac36f5cb1a70fc34ccc07ef6f1e52b973fad48afd19c27acec8f1312db696d0d648e5f02c6b5bc5fa84105fd7e88d5c81512a8d47e93858665739aef2caa0d2bad7562bc92d02ea5fe249570bee8369496339b3da891b398d24edd1628b865d00fbcf97b46cb80818100c1123cd6eb1c48f6679a4961da693cd75cef15a304055610f28d74fe134127a2a2e1811843baf83d6d95d57cf3ef94969ce1f3318767eb079ff2ffee3e625f3a01edfe4692b27cce51fe2766fa14d7ba3a14d95f20f06297c3128d6d191dd1d5b0fdf7efc943973bc18066bb6a457aed30170bb1bb6eed77e40b92c8eb97a8a1b4dab7dc0a0e53e1e54c24f116bb89b9faa12280f7954c86f98777f41b7ea8ccd271274f88cc783b0bfb97c6922e8c99881d930847bf64735883c3a28a921f2041a3d90ebd750493bada343f93728b5aeba537accf8a9b5185819ae72d21541896d1d2b988252463d18e086a0c741c22f757c700679efa9d08d2e1965c80fd7f0db059a3c48a5204b66855466eb059ed6977fc52c705b19680a60baaec10ad707d76881878d821edc63a6264f506497a37ab2ea01fbc09f92f60dde6a46c0027f05e137abd8d3fc21409f718ccfe76c2ec2f5f60c2de8e1f1bc6db15408e5a67c8310b30a8bab8ce3e7e008acb4239b62ebb2efd5944a7b890ac9796d0b1a13649882a0ab6d3a42426ecde5294cd083d3dd373898d6964f5aeb5c492331aeb6185b14dc2ae41e528846c6bee33ee794e93db82141663ae2eb9e6a99ec08bc32d47146ba98b642089323d4238cd6715a813728f88ffefd13caa26f86c1f29bd90728f596c314b617f4bd69ed6d88340e2a992873a12cea2a5e44dc689498d2f263021306e7129ade0c06ac8e7944ce430ef6c0dd6f88bdb5d5c630ecd337b4078e23909cabc0a318e5ee8f71627183817efbe4f3cdd983f786171a43e6f0f7f73d4e8acd27c0999366642a39789f6b4c3d6b59515ad727b43c1804b59905e0ab3c3b8dfb5bca211d2b7f8c2cac2dbc9e53fb02c0d560bcada55e407234d1d5c31657c249065fdb0477a00565391652deb5b5d7b293b2a940e509f89e7797778671d6933ac6b0ea492a6bfe0c911e1c063f0ab11cdd76caf0000d876a4f91bf7b8ff8682332fb217def8f40ea3527fdc8a05f45ebfd1b556cabbda36f74c528a107dedfa38f718c807bd2a7f3d6b6c07b8b2556e81c97324817fb8eba602a9370ec5bbb50e4a08fdc2974a4721814214a32b8cfbb41f1221457e93e2bbb10595d49df2964fe5b98a2c235824d39ba8fba9897288eee3ae2890b45ff1e05d50dbc6689a46e2255c11a2382c0102f85a5515a1030ef99ad7f0b3f408fd7077ca34b97f92d83677b2c5239a6553d44895fb190c34524af518843dce113a6fc4e18593da455b565d100589673f6dd7011ed46b1a943424b9aaa42ba5a70ca4bc0142ad2ae61bd75d594f969b2983ac41b519969450ea0ed3ede84efb4a9cab8555bc894926b4449bdf9fc471f6ceed155506732baafc900b275578468fd51008b0907f92a4c686dd030abccf14220e05a40919483597ebab49409861d28f9b9d64270002718a5db5d0b4ddd60316a54ea3126bd97f794c73fc4209c952b86c4eaef8b87c1ba688076682aec628c07375bb982097a2276bdec8b9bde5912fbd857dc6b684444cfcc9f122671ae797743c1c27cc57eef33ea298f1ff3de718ecf68b42ee98ae25b50c64a8450f9da7f7e638abdf67ddf7ef063be5ac96768a9809b22d4be7384f748975082509f7197a98b02409ccaa1e58edc3c2b087d59e304f4f9df87df1276e9a9f554f92126b0cdd38a2394d0be9c66b341255f20696d02a8c59398304865378f0ce5272c19bcc79cf3ee0084d8a625ec1640f01e5ec4dc757ba803471e62af043bffee544bf207631d4116baf9136aa599b21d1874fbe9f1c96167961f7140430364add69220552523a26f8afc24fb924b64bdd64a68d878a922492d95b1124dc7abbb618db2ab226db12ef4df59bc42cbfde2d39f6caef8deb5278bb89a4b5895092aca9b79a5a186edd9dfbedf01057b785e5b0695ec8762b718e1779c015cc8af12982fde8a3fe9acb7fc8d4fc2135795cd74e22abda06f839544d8277514dcd014a8839554bc9659e5d140716d1cc6fc10ddfa8bbb65784db10420df658ab4b236e1017ac8556b2680eb7bcb2f39b92dfa2db2a0d2f505520c95b419c55dd29b6881253e2aa77221ac760ff2ecc722609050d8f2897744f7caefbabd46d18f98167c81b17f8a2c785cdbdf47b961c16f2e5c7ef2c966ffd973169e708eb7739cb4b2ae5b3e6040616b7f55e642e7b5151533fbafd33f62d416a1d31a1f4018bf80c1c5da97473e41ff1eebcf024ba12d3f0ccc22432cadacc2a01024a0fc692494f2cd9c600916dcf20d701b1cfc308fad594b46b93aa7e9ee290537c1c14d74443c6b5d0c837af59b0066587153f8c5bb605f5b18bbcdc3ef7c0f4571c518d3615cdd9bdccc0065d92e6ab7f4449bfa1371b0b7cafe4900354e3d2bc2fe3305ff4aeb8b9f0ea675ebe335fdbcd2b2ecd163901c00db7b76c8dcfafb7cbb8c3105dd7abd1dd2a7dc822183757ec53a755b298f66726d8b6ebbfc79c3c09fcb7c4f3016239cd0562581f6e1af01c27a3b8aed3a835a6b8d9e7451a145c82cbaddc053a9dd1a9b819041c4c90f11a9e5a4e5b79c0c8974e03d3a9887d3fa77524a08a71b351ebca21c95d5e5c7204d61ae6fd0804bc5e821e12c82504bcc1a7bd37a94b3fb153cf156232e1df2fca89f63008c9c2ef8018dbef57e8305548a7235f8af9905bac1fa397ef2f4d3d79b9f3c79da7a846bd2ed58f370ced1c89dc3064d778b8c0e165fefef6f44b16df5ae392ce1fa93279b7308e6c8f71153331e09d40a24ad782e0ec8474c19cabdd6cf2b3f8fcf5138546afb9f877e044ee5e5276f32063ed374353d667f3bc641fab5d3261e5855192ff3f4d312225b69f092ef16e79fb660723b8b5960b7d69d79d83226a05a64ca502e2873fa879339d70c3ced8b65d16909ae68dd0e3dc800d87918e28af2026a5c7b46b4372f8183b21d726eb801519cf2a877ea4adaaa02bef35e5825e48614dd4f4b654675a0b852fffc1f8d5e1a002d5d236e7a07e3ec16bcf8ec1346e61948c380c2a4ea2a3a2ab779de7cf2290b669e6c1effc13fa385666ff50b70a49b1242a453e15acf0d135ddf1e22c4cb4f7152f15c6fafc592ac695bc4872729b4697967cb4c62bd3b5b48bb42d44c2402e616da3d64a39175f8a0ab6bbb3a419a4045f0dbfa09100330835b81e080f1ca1b70acc5c54e94a191309f96c1ae9bb31cedcaa3481b069737378f4dd91e98b9c24c86a01f00e9bf5337045443e74c8075d0cbd9b172f20deb1dde200f6f90f9976e4d86e7ae407c23fd10a843bebce2fa863776df8213e65feb8fa5ff5a83bcaab57cf211677dd3875ce6a925e03116bd292268d8c099042543c26f46b0d30a4b1c62b3d20ef43415e5348b02c2c57e6e417ef38b90e4b525b355d5a59e658b8e8c0a6f69ddd42a95948bca780bd02952889ee001f010a53b623c4081f25040d78a5fb10eba555ae077e3a60b07d6f8670bac70fb4fe26ab86c5d0e192d716ed66e0672416b54d19bd36f9d919f917298e877b19dce3ab8c08bb9cfef8267dcf3a688aae0fc1137bdbec82201fc51de90098da93e5cacd22f08bd32034adbc01e8905e350854b52cf2e1e7190dfd3d67adbed1056e7a293e7922da09f7ff0c1e68c7e75cb50a969f28722e8aa1e3270e6b25cfbd50718e11bf68b333c21330b7a6a951fb349475d7c2e0e24e60a3551aa99e2948fa82b4a6e41555748555025e487f216e063c72b7905d224e11e43dbe60cbb05445a86fcb141291da025a0b4d67b749e5a29698519eeb3633cf2f1941903799a04f13cf3de4e9752c1a60a804cd95b6029db2e88b2dee22fec23c65380b479c67cbf1b44dc40e4821bebe011d3ee8673dbef3e8b96f66d84aad4d7ff63dd7ebd810aed98afdb62994ea8bcc7beda7f54395db143bd0a12daca6b4d0d31842bb41945245ac6b86a4bc2631720b40c3331ffb9d200f20738362b304c501d6f2461498bcd2c9d0c2a1fc923ba57f25b560376e4b36554343cfccf01a42bfa8ca047fa99be72a1cc9cfe01639883d9c30dd333d098e485981438fec4cdbcc2b69ee18b31d26038e867ab617907e75c3110796f4e69519fddf2b35e65055e7b9da99fd514b6bfdef1a7431bad47054dfccffd45a1049382599e65f9ac705b6bd6161cb10efd9c8feee9aa3b57be8e4bb850e6e9dffe0dcb45d99883f22bcbb6f62da9d535054886138fa9557de2a2578321dbb052efe6155cb0708b5c91b46ed2c8f2e59bffcce7b258fecb47d70fc035f090875c7dd56f0c9a873698a710d1b95b9ecba39703a1c82d1485a7a4eda1979611842428df642f153472d38e8a0d7f345428f55bba4acacd11f2bbee19d00cccf661e22c01e46cbcec8fc71f2ae73e743d2f89a6b77644c3a6c111be83ca1a0765bcfab2786bdfb9bd846eaaf575feae6dddd7c9f395d3aaa83b5cf0cdd3cfd98cc04a2bdc3a5795e9caf4adab465aa63518851e4e4863254f81ba82cac6ba63eb80396495f99041b3d53856ef45c0cd96ac0480fb111141712f1499a960f083811d04600ccf06c00ce1cdc783b6bcd16f366decb169c3bdd4bb37b0100b6b0b6cafec1527a8ec687e9b1aa3a08e505211c8ab20d4afb3ec05a7816b69e0e00218845d21733aede094b8e66e071f0d0aba12a3cd61a8de70dea917aba3108ce05800382e7531adc1f77743f43102619e5173818c72e499f36a4fd75ce5a17e97af584cf19c0fe56dcfeb937efae31f591b7849dffb1c375dc14531a54b6d3eb4b1d571496b537ae2aac12538b3e030346ae453bc0a7f145a3455f8e8033cfbbf974cbbd9751acf8904bc747a929441e0a67b95c8d6510cf696c14ddfacfa2dc2b398c8d82548087ea224fdc092853d13478d72bdf58cdada0992ca887b0684a51771cc9a86d99956ad03ca2b6b455900e43fd810635d699143dbf50ffc748b60ac0d940cf2734a57b873992e3d0affb1f6616bfdd1172a17fcaff3e7d7a6d86bebeb97298eb53c08b9adb4034ac78cfaf9999ddddb1729456973e2a8037470ca4beb9dbb6993aeeb8644e7426979b1e40a93d220636acdb89784d2522331e59724f2da5a3a5823cc3dd76b934993d13cb43008e597c5c0b2a537c81007f7543805eb8d3bb358eae9a8b6c2dcae2bea768d40293c878c9cfb654a05b4292ffbef3053394a88042a685b0904c42f75d61fa3e56cac009c48aeae9747e4f5401de8ca0089ab3febc3dcae723ef11600e0a5252245a172a72a3d9ba4f2ad3b6ea234bd0d1240834170ae7dcb54dcee9265af1cb9748dd6bd64f0f38a91dc0b3e76e0c611d3ec3cc3cc6e0686490fc2dd5beac76a60aaf38aafb4d543b0820678187ef18467cb7680043e5d415bf1ac0f2b5e0698b1d655579f84f1afb84930f5af92bc37c9126ce5239ac809af34269978d99debcf9cb97869d0dd973083b780c573b3b5b6bf5dfd78de2203ce0cb4aa0ef8b6d0d754884b74b5d3a0f7a271f6cf0d692f2f314a30cde3b0f46844d1350f8e2578d5a0ca17cf7adfb2e573bf0d23f269a119e9bf4af87aa9bf0ac43b696e58ec70e81243098580bb8dcdd1c4537eaeb8125707251ced76a0c971cde44e01018eca2b82f669675e18a1a0e2f651136c99b1fc14aa02cff5a9631c30b58e0881fd7499340346a654c026bf4c45cf0ac982b0b869b453e6005c45bd643796ccb5253698cc16d901bd4677010454eec91c65e92f79ce97c851977edcaeb8ca40bd86edb9f55a00725995d1abf1761fbdda82f8cf4a3b0fde1962acffd05819d7020e337d8530e459d242883c26e1237cfd240a127a40cb6bd7e6192df52b14fc84b3be3cfdf40037d2310309b33d110ebf1019ba540970857513a167622ae9a0916c84d308fe0f3961937820136ff0f4b072d2c7fe7fb321d4bf8d246491bc963863291287ff1048ba6b33527ae2b8053fff700176461cf959a7a2326a0232c84ceaac5262579217bb157a0c4aa51f58b44e76b51cc873a38f7589472010186861fb9d0c808f3c7300815ab55cd9590dbd30d76b9cb0e6ff98a9842356fc1dd03d153f97e02a1c33fa0f14dcf32dadb9a3f25f3754f7af9be9cbd2d75a42902d535ba770ca3eadfdc84394d9d63a771ce26815ad48c71209f49618dcfa9cd1a682b822b600ab35039c8923aaf7e9910c31de8c94595fd96484841606ebc641bfdec7c885e925323ac2930e38f57b89bba4e5b00fad6b28c38030fd4578e06ab6dc4005d07eb2efa853570a300f1514721e0897600ffedcdb4aab982433ce7cb7ef2200590ddcdb2ab5e59447f1dcd952307abac3b2d7d26999a8dc97e97582289d1458bc80dbc06d8661c59b162425712a8bd357dc427a7ac13a7614db3de0690d70764a377935cc2ac0b48c2249a47d7799d3234857f8428bea63bd7a7d9bc6d6cf9566ebb45e0b7fee0876f401b4eeb9a0f3ceccbdc0b134e5cf3025771b9ff4a8e4dfbafdb34137d0b7d171cab19370a42bb80b23836e9f87fefd215f456d16833aba7cd4ada71630c6d6c280a1fc2ea56a14f658ddd4342e32f1168f46cfabcf4ee10136ce84dcd8253d61fad72fc35897ba1e36140e18594f3e3fe477e8b8fd5ae10e59bf56be2f4fccd9cbc798283f080fc6549a956258ff3e90c7c8efa1eeadee89ad0456305e807dcfc69157613128d4111f061cb050640dcace6d8db9b78fe8b3ca1bc349502bbd305a3cfcd7a60de0176dd9e6f367710a1f4508dabee21b774a314de10a3795d797e25802f072f0a40521e45390409186993f0b2c711756036794e17d6508ca3c94e17c6dc68472ad72f5e075f533193f05daeb9ad7453a2a928a90bbc1a541b0c8534a53df06ab7537acc27b376e4d22c6adf2c3dbb060d7a99f3df81eabe03c82c90e3348d23fdc9e597766085e823f78d8226acc1a3cb4de029454d202e3ec09ab0da25931ff037eb7b4e4c9c0c2035fb77904cba2ab6b5f3dd71e78cd10585778d1965a8b90af9491a252aedd93911f005150c683bc3a6fd24dd81a0639e68c84eeb2db6f55e455e6849962c3ef5623d210f54920076e71a13cb27995b16114380887f26d80acdc15e32f577856988294deadba6d5842893d6ed9e0b14f670c443a430476c1b0fec91ad77dba7efe9c43b7365f3524065f35f1574a47e5fc8ac5212ec41915d185763ed356db96fa5417843eea8167595329a7301cee3734c520f31576150e46445408a92b7480953cc8ed5b30b1a6a43124b83c6760c1c1fe91320f69fc93258c11c227c44c05ce1f24eb9f14ed67144c76b41280e209bb881c612d8b42428bbbb59f41bc68844ae0613e82a74ba55439d5e62fb7db6e848147bdbb5a35e7dc1572ca4c81958b4153d46e19aa83a390a6c0ae3b07882793d86a0381779994a14585fcfc9faa6705a40d3f8d5aa3e322afd073118af4b8c623b80176c707c1b7f688c3538f7072043f4fc196c9d2e1d72523e89d1b8770ef39074b615623baa8e8fc446ea8c58b4a016febe5237f4ddf8fb433cd6984f7cbd5bebc2926030ac30df569859ab481802996c9cd643eeb4b32d714a4d0b5d025265ed8e06042fecf471135fafcc0df750c1a2a8bf324145b65371ec53b6947debb61e59b53848e76bfa22b7aa5e1a6bf61176eed528694fc06fe05bbfa2ed81cd2b80d714ed15a9e46421afa49e8ad3af23365dd2df767efa9ddaf36c88c7d4ee370d6d7396be92a420efbbb65ed847dc287ecad75cfedf44bb1948c98bb815de1b0c2b526d04b6be68044cc831933500438abedffa9771590a0311218734c3042b550b97852e9e68890965d9896566bad5da13ce10d458dc715052707b7ec539956a552f10a0aa3de1279dcb471c5cf34018021ae1cb33a32333cefc0168939f07ec191a9b26bd6575fbf5448c8645aefb81d9853764acd3b85cabea79b55a4ed751f06a06e6b5833adcf5c85251e536b5f704764cad34ba2f03e3c572e7524adad570348baec34778e25d8ef3d64079a59c4994420835223780a6d535c8297d41458dd41b39021e34e9db2e1e76523c8dc360e9106aa04a6b64b33ad6bd393a2004c3d9ae482b2941f5b605b71d318a6ff4c81f0a0694f15a537be9c5ff3cb1a5ef2494ce52199921e18e05728f02596d67cae506c76435a131c09d7986733f8d3c2aade0c3d9339cad118f885ce4b68e7515e331683728bb3424359a2e351d0e778b58ff90cb2270685a46240e93666d2e20003bb8f0117f66d5d4cf24bc22aa6bf24c9577fa5f5bae1dcb213dc570f4c4821940015890af839db630ed073ced3bdceeeb7b67ab9cb5837dd0d85c9d1495d6f571375cc8d2850c1045ba1f019b056728460986e0be2f1466df4b0dc2564f94cab0554982098d755d105d4b207604f8b6f4646ac99567390c45099fca99f066eb7033e96c9cfb94dddd04e6871fd2716a343142d0f61580d8269430db00aaa23f5877821d70c18594671c62fe81b671dbd5661af3c494317af683045a0febcf5fb8250fef5d55d8e5b0665dd06d30883c25d29254de4451f19acce0825822ebf3c3331ba41a34ba7037954a9da38234025dfc0a5710dc948225b67151bf0f3e3bd5d1b0d8c5386e22a0d9dde5c9555b99ac308c94abce584a670c8370d810095260012bf8ef66b400bab51e15a5f98829487f0e6afae38d93330c21cc78e812e0d083f0f7710663be1a0bd0d8263146304357acaaa25618ea095bbd926624a682f3af2af11318d74b54015dd41e50b5663de770b33791d4873fcc9e5abab47b26536c2157611ad0afdf23f96f22b0b0dfb33127eae7bc159e0099dae1a757307971fcfdba7a551afecaeba165ae31553a55434e08f5cab82ba2a2a862f787d17db899246b42a5c2432b4d230c82e991fbca576323126f02ce31c14734a21b62b6cbad56b162255ea93531821a24a2678c8f85a21d20a5b945de2a8cb857982d11e0f0c63290b964cc9931481e0d9fc8b22292455193c1576f5b39663517cabb7b650b652953d10839350424b575c69c85caa28d90aeb754dff0bae193aeb5efac9547d8970e59431baa906eb6d01febb7a6e45f819887ffbdc75dca4a582d6c1fddf9396d726e3b1452aa5f70f41b081860e0c44de8e5b10ad413c04062210af62bcf41a6e8d425260d8101f6f29a7ee9b85f51367ed9640060f6ba40c2d98730f0c93173424a0cdbf16e490c8fc363eb6ecf259573e232dcda8ff7804033b5a06076545661a0b90a9ca0163051e856d4b6dd92bc92dbb2e1b753d46d61e3e7cd8ee3e880e6ef01645d16375206e4bf7766b7fdd722be797ffa1d45f4da8b5c6aad85a3f40a99b1e10839807b351ec3e3c8f20464bfeb4d206e4630869b36a70336b6bade14273bc58f0fab929b8f1c05d3057be7c4cce501a2ded08a1715af345306d41bcf53d6e76eb83cd6b667fe45581846b6bbc7f0a73589062bfdebecf2d39c9637a9548177fc6073440b6384828f3d8ce6feaa10c13cc30455425b8da88bddc25e86184a2ae290a3a8a0fde83f630519c05b3fc06a2b9c595723abe048b603dbe2c2c34c8b262186c21cc187cefa46b3c824f7a1ed59c2bf7e1497fb16ecc326a3e088a078368089e5b5e6b9556fe509eb055923554060f5d89d7fdadfcc57098cea5b76ab6f8c9fbc1c43713b2b5dcaa747e9627b77c51d4940ce08eacafdd3301dca2108f79b29090300206f0e82eac961fc35be5b11d81e28f57644b6fc364c8b3935f0b60afee8b57a11d3f9afa921eabddeccf5a3844ccc3b01f4d9c78ebbd3a85eb37ba2fd8e9585270d7f0b4308b22fdb4d1013bbffcbacc57090bf9bf4ad25f924664e903ecd15adf03c30b4ecfd4fc35b02007100a5b16055e173ba5a4e40314552ba82b2903c439cb2db1081227bafb686d576c7d5eea576b865236ea6cb2557bb28b442cb0e21a40f20e1cc82244706f80e7e868f3b296098f6d45c5272517e7a5cc46396d4ac14525cc5da20e6f20ba4b40b3f0585947355718192eeb6659d6c35099d4194fe38a292fe9538b825149c8790f096f934fa6f92b88c0a8081a3dca53c4c2c97284cdef1706df01a08159e9358f5da331f56da06b62600f23bc8c90779e9aec02f815e776491bdd51a78190e9144165a868c0065a3d58efc37aca2b11f4cb129b97db3ef723c3c9a8713065d39cd046b77cc9194069653a65c4baae069c972957cd3d6932aeca1665459786c6e19330a9672dabfd79d300a7f4303ecf4f3ca405655867799a3702be1a23d3144c93fc5208f2de3264e862c6ea445989a38692ead9025b58de8de31696032d8fe85add7ff0086f054fd6310b69a061e0276e6eebdc77ce4cc1fc92203dffdec14aef38a4cd82fd12e139f39e2a98239560d1bd956d08df1217bcb28028850310ebc099e925aed7045bc1b079d455a6f26b3089e06fafdef352374e8245ac12032fa64da18212aefb6ed1ec01e72b6f97c75a240420342645c269847d2deba56e67b380b11e747fea4611bea34d71045d7b11a64042b8528e652b0f3b14c3e0408ed35daddcb240de5385ca2e9d69c5ef178470e05da8932e9c01238cbbc1f8de91507accc39d14a51f211e43a1b0f23e5cf44c68c900902211ed0092534a0e7cae414fa932cc6611bee04f2d679d5663e40797e49367e275371d4dcfd012a50a67a0496637ac16189c8d8bb731f11dfcea26e43b741a036f65a51f655ab40fca136c718eded674e0493d60fb37cf645ad592a75c43cc369a702b3fac7b0a4aaee09057f80dc8718d56bae0c8590b967a2f82d6830b3fd3ae06c6d71ea0798fe3c14e3974c4ca98cce39ae587328909d86c6d4041a0ea98e917046bf4f70ab6caae07bf79f6f9e69cfec805df84d2c5161125dcfe9f08ea8aeb9e42278231c481b04b1367c59184d2fafb6ede7b69f557cacdfd125d66ff0c9de6aa25369848cbf805553756228dc5209d0c974be2d40fe62e65655484a144906e6ec1d17bcb4519bd51a95d25e5fef2adeb4e79e728aaa4572875130d2db8e05d8d3d512ec238601e788fc144adf53507f559ffb58a3f57574b23bfa51aba5f740ad1229ff5d64b9af7fef57efdbd8bf505ff81651995b3a4bb055e248699f7f2c6209d7618b52ba7b4d8ad655f531ac81fa0d4aa8b7f0b4c147a7a064d87518e34b9ad8f9641bcc9db2195164afde33365755571076c1e81f4971f06b111e4fabeebc4187b1bd6d6b8fe37b1d1213c542ca8253c07ccccab4769dc2d92224849a2211e663688bb97c673c8677c693468c839781fb89fc0e4a51d57bc4cd6c1ecfc11a669352a08cd5c79e5e329bb07efe1f15a47f7655b711b401b2c07dc8e1da85c2b13e02ffeb390eb8b5f7e95589979f3ec29f3d6af37f739ebfac4393e9050b1538e2a6f5f41f7d41a01d59f179e5d8da6cb211d6cf9c78afa72e8a645ef578ee58fefa8b395ef9d65c472e926217c87e0a045e1e76b42a3a90a6494d58a2b5ce44c41dec110d67810005a90358bc2dcd1b228a5ae984aca0d02efa019fd6a3d001946bd52b59866c9248329a2a95d61162da5177797633a2fad8b671929c464a98ed653633227706a88c46e0919214ab25f9bf7313042d944a05355adc6c2e9f202c4a8021177c837f126c2ed4cd26e538e223a88a48079c8a4b4c91b5ae8ec0c86429d716410b1d611309d712653ac5f85c936e85762224d23320a81698c2728e8f5771d2d9770c6f1cb6e43fb6c0ef0f2f86a4187c6266a600c7ec98b8156f6ea0a1503149ea4951ababc91088239aee3bd3f7171459ae156f129bb516d230714575beb917be33a44c40200a22c266bc0f21af5634c68bcfb435afbe7f7f87a4a53878ec4fb0f57d57adbdd38526670d3573a8ac2170571ff3b875a6ba6b7767c7ccc2d99f738bfc9f9bb941a5454b2d512cef55d51d50bcd77895d6b63a1409547b23bd562e146822c5d87b61161918d882a110d0a81959790c276904159ba1b1ca8b035ed1bc8bcd490083f18c2f1b7942561ea5f7b237f6855f4def53a6a714c4efa06383066a8a63980070088dfd74306a3e8419b30ef4865399d56b28c800bd7bddd1a8e8c0cef45c590e2acc667890c6752b4920b24a2ad5694b0d260cd6f5cf48a7ec476252dffef9247b46fd34a3f70717fb023b9c24f9020b2baf7f6193bf6d02e54b3165525358d74d1b54c0911725b620b89d7b5ca735f8b07fed2b21565b6ee94af77d0b49679c14fc5d71bf2004bddde06d2349cf280ffe104ad49dd2f85b5124bb0dc0ae7225fa4c34a5f336888edbfd6654279b4d3a488f6c18e70805804c9bafb32ef655a83913169c9ef8099140bc9e04b37f25123ea613746f55ef29346f8a408ef80fa0e1ae8e59d7154d2194b796b99c9d5c02034a9d5a61e072c7af134dac6b0ccf7050174feee41c0379c7bbdcf794d4eae9f3177ed60c122232004e2102f9763aa3585491cef40d6e91505c12a2ab032302585881a3c95ab67f5e64e5010a95b7964a07d26073985abc2caf9842dc1040640ecc7b9e0a4cdefa4283f7fd6d634f052a49f849b75c309a64c15be0ced3d4229fe18b4534f1055a04d53c0a8217ced6232ceb2c591ac572ea1e4de03115b2bce7c709e8df5b4d5ae9eb780960a01a38a593e3f5dc1a6888847b00d2daf142fb2d69215fb057f4c53302137cb6fb10b09d79220de54e935c2abe58b0415722556f4309a3845d501d1c22a04a23728f65e1aa81835c0e062ae04666d15c54f18b66e78072a877d705bab68bc28b50395f221ef08c237bfbd14bc56cb47fbb1ab6256ce824b79c9afbc2a27e96ea8bf53a0aa401c1062b96aaad2ee5873b0d6d78ce675c19023e67a0f7a19536deab0b4d2a1d61fe21625b7010cb7ca952e7363a3e067910dd2d7fa1fd2b26056cbdb201a5ecc2f0b92f1ef14428ebef586bef509c4b1c3ef5af0468985987429ec2b5188bb6530f710c8e7064c926c2b6936259b7bea9852cb40843e01e46248b8c9ab90d88464b3a56eb591e8ba79a67c573d61ebad66fd044e18cb0bb34cabc089dfbc9a69a818083cdeeb3ebb28c3b2daa3cbc292dc3dcad078cde10f9637658e5b6e198074bb9085033bc1a67f39567dcab4d831122458146341237424a5335a536f99cbbd7d7c07ae2840eb9d719ca281b6048aad4eebb357e2f80f404b9d52fc3bf4e2467af2aa535fe51d789bd200d614c79416eb0f2ef9ae96e3046e6394264d4b52be70324e665a320e9fe6597a18ec3eb4a048c1a7afcba5b2a721e076c9ab87b51a6249db1ee6b59ea4015d8081a300502ae19b3799e81d79a4fd1a844bbd944bf18cee634d27059979c3fdb8e3244e16d7ec191c0a114c01381e4bbdefe788b877d5e3254468401926bf4b074ec4cfa228648774635046de4d189dc05f0fe28c2963df77de3905b558c722b83fb4cce7cf82578507939ffa7ba7c63f15ffa50f22b961e7c996cebc3bb6fce6942bcbdeadc01105eb3a64f23e8bb4d67429b954a4c90252d9982273d6dfc82e11cb3bf3f34bd8053a3cf0ae38f32bb9191e819070e66303510337a3f1e0854199d69d4ce633006fe7e91fcc2f3bb82388145a03491ad74b7b7eb9f82618a437cddd204a60ab6c109697dd5b0e425119dc5237aa5ebf5a728e904e9c76aa115a415829de5767af8b2c3452ad851088c25b51dcaf81285ff9fba940bc02bdd8a0db570916e08616e35e3b87afe218e239a86c9996f18b92bac8d24ff8d29484f353c1343cec172fcacccb2b81cff88560950d5f989f3715431eff9b156f4e7abbce7ae013b9d45d46b60146036bdc1a4832741000f73eff6c30ce1fefe321e52aa756a43510116c94533e5741f1736cc16e91710471b2a1e83e4f0203271f3532841967b245b771d373e0ef42cba6f1166fc1b4b34067643c779c63a8dd01d6975d2c4faf96bc7d378df4871c11bdafc7f4851524b940bf6e48691876efb8230af493aeee2f5dbf74d96a1a9902b7a6221004a9299fc2079e11c082e5a8e881fc4ab055467c63da16744858eefd0df17a3532b726f47d8229aca49c2bcc5a8b09de2856532c8ba7104349a5228d6c2934935f6628a4babf0a41d69f4440013101724f9915e733bfe65c75ab00517eae0a457d46ee5d176d1df348d09b6b879f0d226af071e1ccf266e2446949232ed66cc7a0251d061edeb5ac598012ae00790da0e82a7c72f6bcc2e21d6c2cac34166f9130890a286f5224d27a2697f7970896bb94669d370911e8d00eae79885bcaf0c57082285ea820ca46e981bfb6d4d6ab322d17242d3b371704931fdf4a140c5307305aef1a0460aa50287ccc1088f432ac57efcdeb3b0385eb91a43012c4f8600f319481d97a2b2e80d6d0ebc5d1ef1717fbbc7ee9650a3001b7c89b83c17aa2b6bcca99f04d9f110b2f8d21795574f2f3bae05686360bf1e43253bfd33603c0ae9f633ccac32dc82788530dde679f51552ab7c8fa4099bf0bc8bb515f7e2fb07d06cd8ec0a4d564bae0ceb785a115050d905609526c4cb10412c9c5980d4317824767112468b51d19bf0d4b457a26e1ad12918457a31cde93cffac1de2a6e7a0935cda30365d35f9e39f329cbfe998c1c8302a350b26935cc270efc4c2a537c34b9e514491ccf56c44bb8380866b7c1df1ac059256950c894c05b0d95cad468f892361802bb0d3cdcc20310655598f5024eba075d776f5fa71883abcacecaba97ccb7bf5600a3ee40d425b8fbb8de135dd9d691a06790c008b07b5ded11288b7ecd96dcc801fd567a4ba631d2739d6e940a0b3cebb014cd2523076263a0a9538b4bc421a0a6207051e8f994f6c4db0088ef2ac4de834cb3088b50e9e6ba6864bcb08161bde2917c1349f3f96701e7d31831ae2436f9fa2e49024fe9218c6b8ec06ab39271a4cdeb71cfb56e38212f059c54e6f57beaa6eb1d7f3480eb4c8d32de6e39856009d25c3590af8e27388016a33130989f7786109e6f39a4618fcf31ede13955a515c8721d8c7e26f2973e4a1d2cf6013b8a4e5266d6b962593c6bd93a244824010d9e014fa48a70a5eba47b2633c4c434def0cb12739b5be7951cae7292982498ff08a5953648aa7ed2c4224c47328db58a3b30854bfc12b4e66eda771796bbb1d6e92add24718cb90a2a65f8b355babe76ced04a5117cba13c99ed4282c606803d5508e3294f70e2b5f04babbfb668a32cc23023b8ea05047181b3c487abf520c477fbddfc8f1ee091dbb610c3699a02da43f7977966cf0a63a71c42bed6e5ae725ba2c64e4fe66e900c43d4bb449b14193bf988c4d9e7f33b5d2ec038e4f40f055577541e2bc497755f80213c4149b775408d6771b2757654ddc3fda4bd095bcb80c0c64b1555218776b5820123192fe593552e5d75e19e426a15217a3a6eb964b5fce1cf944bcc84e55d14e04fca87e1b011eabe4c24128ef5e69ff1b6a6ed538fb0bdac1e3229d9e29bd8d263e4de8abf6b8d2d6b0ca6723933026e496ef06c41abae96fa41d18e55b9475b9c9a1510197195746164ab8d17b3b6da0b8cf542b2af1754be2d56c293af6dad45fe9816db4fc2ba9eb560e156ca1f11feac4cae8c440331f57698a78b2ee9a6c21ef7aadb9e8222dc5624eb4f7292f08e9f8c2168c4578397e516e652ceb8d2c234a582ec2b14b0969ba289707df7a1ad0285e4129996a5a5ee0707591e0028f214940a52ae8c38623f794b404d469cadb1873288dfad9e39e8c78fa8ca4e60bad7c0106b1d16e55ac936d779a7924697a5ae2a5775102d92a4dcd2874c736e3709345e0ea851277cb9cd4b06fb9e3fa39571ee99cce63774a9fce561891fc02529ad345a696d920c131b5df698065381eb5f5a61ca55b9e2b106c78a98217e702b1cc6593da32d784b85dd5b2f7f6f97196b70c0398f86bae5be9a4058d0dd412aeb663d3236da3479238f085e56e3a94129c20b2fd656b9bce6074dc77cf096f981071e1a256822466e4968fd791b1ce9bc83299d554f74b2ed2b94cbe040e21caa005cf2a5a45c95f975b96bdd51051f7ca62bb828b6888b2fa1f971f2d962ab5fe2adb7093578abac96aac6e2f4fcc1e6f2271f22afd335f0cd1a1670ebe3975ca5068b318e1830bbf0eb8f10dddf1196c7be96cc55a65aa0c28dbb5c5c469a6b0d725512ab9750535453035474ed7f8af85440e2288c2b3ed5a6e7b99bf82cb7b7117ae26c1d15885b4a7167df5658ab07e155974d23b2e54416e7910d313b0565e1cc9987c71f8f9731bcc3d59a74123d5c155c7eedffb6489fb9ae7823ff1063047eea352fdd486ff0a21ebcfbd88055a1860a0c17cda28644d96eabab4208cc0cdd8293c9c7779376b472d4f31523d64f3e7db3f9f8e3979b674f5f3282bd205ea93ff3c7fcfe0c0bbd15c43c0dad1691d1854a59cf1d87dd577f11e727ff272b74e7bd463230569557b0319a24b8d60525d24d9507a65521767d708f84d689bddd7d2298746e8e2800b0edb0d23d7820dcb23850e75df8828b3223f1eb6b8bba41f4482e3d558a148eabca5708b6722a3ec0af3e1a0b14d9be1c9537aff55ce7a38d70bd865d37bd0f5b6b8faa12e43a872ff48a304e1af2a06caaa4863e11bd4edd017fe4668c89f9349a4e7bb5af5b8a060758303f39f6993ef7961d8a3b8ef6bead4fd0a7dacbed975f6aad99de3823e931a37612cc0132a724c695053f9e25ca3e08387870bb3e1ccc3c4c5f575899d06f56b1dd223796114c092d8800b0ffa28174f01557eb1fb14696789a57c69924cbc8c3fabce45852999b9fc2e93c23f5b8f4f4540549f999570192483748e58d5f8f00b08c2d01c66ad212215e0a2fcd4bca4894e5965efc146a9ef53a65ac69d3135ebd719a1057541952769c4a132f8365a5cce114e45ab43c0aad26ff8338207d986039088a5d98979f3d634bea350b86f8ae36bf5ac42599d9ab0fe98515386ec7a8818bee263f79a55be96f6d71b4440ad57c6d4345a752fc9c43d71088b78b7fa4914a3d7413f894959271abf56f45d8c2db5a4c5b4d89c5bb148856a8797de6fba315306d25c53378c224ff28cc4abba9cd2c6cc12526da5fe9cd679dfd516b53c6176ee229ae9fe342eb7c78ebdec9b82acc741fa83b4c9dd69a8c2a26388b53dd2a00e9423b338494f70f0823e7d0c9310069292fdb504279fa09e1072851cd48a1173eb8bfc20133e90cb5c11dbc139049aba778f1e0c1e6ed873f06070d9b959c5035d7872fbd42ec2384f29e87db811490ba7a2f535bc92383a89c800f89d7e28c3b219194621090211223c1595c6fd2c7035ee4b2af0a48da3acf9415de58775db5d28ab037d6e7a7227c61458d84711043744da4002afc66894810a4bc0a8eca841556b02fddabdd272a86f0be5311c934b0acbe10c1535aaf61698c795c0c1377b636ce7d6b502c5817cb9338f960c66d5e45cdfaf5036f509c161de641f69e8b9b2a810b82a850015f1751dc14ca43d69e9fb09cf37cef258acd77c72ff882a69fd859f279997a7063b8c51dfa52a638aad4d6cb9f27a88cf7044e64b60b20ae72d8a58ec40e1cfeda677425570b3830e0f17929d7f25332c9693d430438784c2d89b571d07011da60e1165832f94f610a6762c6e899193cbc808ff01c37c65f20811ea2c4a04fac25254dfc212ac137ca8a48dfa0f087b0ee63d0dbf44de590c7e5a42347c4873b5e9e4b7835cc2ab640802992f283d3976f83af2c5c58d6b7d56720abdca9b453a6fab266b1b6367ce5049e077db0974279202e791509cbe2a2a770ce914abbcff8c2f66b3f57fc2edc41e35de417de81909f1c39c555bdcf0e945a62caef60385b664cb4c0526a2db21582c86e3097580eb62824adbbe55e222b2411cd5a2f64f64eab156f4424a0bced852ff9f1b09eaca25e1a62f2dc2e7fcd105d071714a1554a0bc3e5399cd9bc65259847d79476a2527ecbd1eb287ec16141312553300481d80fc3a84bef8903fd104a3874d73c64c1d42249f9072cf4bff46b94c0c83ed2d72b0fa90cd18e2c16dfc86b91c6cfbbb54f29b3a56b9f88291fcac5c7de2edebbbf3973851dae809f1eb24534b3f903358f89c8c4500f8c875da2f9a4cd28b1ad75742751420553dace095c054be15c164b61ac701b11f45bdc3400b5b2645e8c62b02081bc9dfaaa1cbc5fe9bbe027a24d198a27af5374182d3cd36a30524c49ba6497bc4013512634a82b8455d16e61936e1ebc928e57b28394d047a3a4a1b23fcbab68c5bdf20960ebbe0e96560a2d4b0b65a888c75bdf706617d9926de55f053642f77dea8117c27b65dd57ea4c465043b6d4c982c78008c9d4f3ca35e3e12bf12228787a6b6dc96ec379c6e0f5d5c71fa63765e48f24fd4ac1fec6213b7b2e58367a04a075354fadb5841092dc264888e6b041bc969d680f3750501a5545884c896a87ccea9297178648c446ab8d9001d6cdba5a7932ae0a21f11210e3792f53a4a82ecf1089ec30ab6e026f3c9fdc691b3f74be833a8e0c7bd07f42b0c0edf3afe4b77b6161a49a992f418b34210185212aa5ae14255037cb1d8648f0d299579c8836957dcbe6c3153aa2e79e7732d7403ee9589e800c2086290a9667280d4057cb6e67afaaf78e723805f6e8fe03faa87eed523ca9e382930631a10850e4adbcfafb8ba15d699720a645269ea083e96c8627b674761805fb8144c7585617befc16c87febb2b6dce29d9c002a9e26d8e236f8c5438cac7cdce3b49dd620b418489ed31e47075eaad8c89095e63fe9a1b3d2ee9357ddd2d5e21b6b34575f553e3796156ec41ba4b1b2aaecc94571f29a570471ec1ba7f0c459bf75bb65320730dd62c71e6c942866e4947b8f98aa20bcaa3e030c0d526acaa2d6a45c82bcc560e48a8f2053388d80de0148eba5a613e0a5b1b18c3c01e870ce7969571f7e48f792a92fcb232ca2d2fd2ffe2382643aa4b93fe76c26ad4490f913c164e282a4b72100812a1cc56a913d2972b111fe19b11ee11e3478a9c69241e54ba99076abe008b50c0818895d5a69250d15cbf3529798e9d48089150a89a4b0c9e4a69c2a8277a60086d736b22b60068b43909209fe087f15ba112a92589e8245083f90339db03250e40b5f1380ca8e812c5fda221cf1650d6238ce171ac1b02b56b719b61e9ebf28af7983c7755564f1f15e2c8beb06b07840d26d062eb9254ff969a10f386ac733d1148edb7047a01776cd18948204a8c19f7b1e3c9d1568c01b1c47d969a92084e77ed98d9a9561b63ef0121ababcd40660a74154b2009532499f85662baf22187f56da853b78d45d21932bde1a8822af2da96ea9219e74079600eb2c7032dfa9e5d03f5a2cbcf09e6ad4f5d3f88a0b9770b260ee55f83c1b55a296d17e30e556a0cc412e4c84f0e52d2e05466fac82c62dda089a32865edc0b1e77a8ab32c57b47c4ed2edcca169183dfa8ec4a730db28dc1eaf192357e4e53022ae4f3cb34279e03802c5c7ffaf16db992ff4b834ae114d7455f2e705ba61fd3137929a2ddd1fa186048980fc8191493601206a41106955bcad78aa85081188bbda6210a780a153fdd64192348922b302bd19c628ab0bcaab1947a845508bd9778c6ba1a4e174845a88f0d2ea6bb551ef3898b1a8610f9491bfbdbb62c118947cb2a70b373fa062b6db0ca1e61d3c60efb8ccaa0b8828f864501dc7ad4921b3fa485cae867717a0fee8ce1896432243082f7e8c8189989aa8e2a7981f77a1d3eb60c926bef4409f8d347e4bae26ca63b797d2c80831e500ac9cdb418f01660ad6b5ed3899733227c7fcdefa97980be69dcae3a24a32cffadb2215cbac91942aee2217d57255277229217e81997ac00bf7649515e69d425682b3d7c2d5d2dcfcfe75ebbd6809630a3a7c2090bd738c342da7d3f1041ddd2476c6abbc978803cf1527c6e0d8e740a801260793d64b072a7b3ec2233bca67ad003e0328efeb6bcf4df2c9201b745b955723f18d820249517d6dabf6ef111f084956c7175c968cf0984866511a66830c64003a30c471330d8b29ee4184ffafafdf7e3897a99ccf2ee170712793ae2096ef803f65bbb6cd43e9dc7e5a41828c1583590b224882ea173d5d5721eb464e2696bda9705178510b3756066886a05112a24ba636f21444cbd839def7541e12700810faca6a150203f8e6718a6f00ea0a3e410c87b88e1c090c22baa33bd5132b325487c22b9321bd1d7aa4a57d0af350b6f2a023fedf7899b650c2720264085eb9f2ebcb715a86cb291a0ed99318e3f479ccd2dcaa384d26c6847cae004cb0782422d5d270897f41809d328b872d2f716736b8096d4eba576cdf46137e9200575d1882850fca46d1a24bc11a435bfd9dc3faf513fa42f9f525362e32acc03eb629a5f177d9652025bf8fe444aa2444f6ffc512fca0e7f1efdf0c281df09473955eac8ebb45695247195e3a23e19a4b33fcb2303981369222fc88505cfed1818345ada6b640229e885bf3e2bb3e229c7acbb75109a57c70f9c5db0cf3b073ef242c341d9e24376e0828bb88b1fb2e6f146e2217daa3ff7ea4203ca32dbb0f02d031cad686c0268c92353b5f0c2069bf162f42a790f3c654e7e9d7338c315e78fef3ef949652912bf34c8ec7d2cd3059274c184b8c3ef0275699d56ca96d79a74b1768475e0a2a35ba9544487c8ba24ab45437d97c4202c55791475ff362a4bb98606d824d4d4635cebe2a35d42a313e0ca36431b13a86893fa0b0ce15a46a79d18c7fdacd89a729d6e6a1b24afac0763d878064eedf030b2210dbb77c4f71a7af8ec41f07e84cd1559543a26254b1a1b19a1f27170be7548e9a097c22158fece210bf2d7ac5ce55560146ae22ca3722789b2527c32215d592fdc9142ce44904614fb633e23be2098d2f20d6d8e5198349265104250121605e676bc82e82396388a0fa8712000f83be0c49332d08011f1baf029847929c716ab6f4f41989495cce3ca22a4d4d3fa4a33e9c51304e357dd11589f8d26dcd282f2c3012554ce521af27b447281bc0e560f9dc50f101256bc07f4a4f32ff9e2c5528675dd6bfa5385c1c8905b5c6d6d031030e200a44cefc055be49d3805308c54003bd59eeaddcf2bb5d78b234844b91a4e60e3c72dfc55324258c808031860b38448413051647be1a285eb930e69c7525478ca0bffed15f97cf1cbf30246830e89829ae075884133eda7d4c8bad25ccd5b0f4a444025bc94568aa27532f48b6fd3f7fa6bb44b15db164eb67d6d53afa4e2b585d28b4bdec296500000adb49444154be8a3597835cb376319f7baec3792e2248081f9599c45ab4dcc97cf395d912197bceaf1cc0d43ad777219dee726ea3024e70c0c405215b27ec09f1d57235c0e2019c6128e493f82692210aa76984431d8726bc72b498b88418945c1f2e1e5af8e9d74d19c111d61aa67a3d556d8be0c99f967adf0fca538ec728273fc4e9beb70a6ea1cd0aeaeed55792d695576b32711ddaae295558cae171ba1c2aa8f8f2f1f70b761ed17f97de4ee5b95a4c23af70f6a959aebb2bf24b2b0ab2fb240d6d88a25f95197a506c74f2aa1c583969954117b910e4ba1801895d1ef15a8192690e9d30127c280fd3cbbfa5a08c06af2c02b7d960d6c06bd44d469e5b0585972aaf3cd573d378d8f787edb761356446acd18a750b50ac33ffaa135797a1daa809a7455bd02c7ee92d10c205f87aafe38adb30f9067a23687a0fde1b556399f0a1e014e81b31b08be4a78bf768b5af3e79b2c4f7f2e7ff64337127ce919607cc97b92d73880ac9c0c682c69d95083cf0322bec1bee3b56d54aa0f08e38ca64f34d8b1cd7ab8c71b70cb3bf0267834f12fb5052be3dbb2a2b3034eae221bfd0e75a956e562020d39cb92f1d08027ffb5d3e9125a5966002b10e2a435d7fae26b0ffeba6167891905dbf0227282d33c255e1100940b8bbc72925cb7751887458ddbb04c7422d8a9f41bc553ce5c6167fdffa1a6f3e7e54efa7c2fa2c6fbd172749e2d50a8932c41de1e43d608b0cf735b37106de2770fef5de3f648896454c1a93d65a83a7ee668612c17320e7f8feb28b8f0a5907ffb4ce1b988d14c76fa2a96fad35c0a52df39eefca74a47b5528618474c8f1c023028fa80d5e55907bea6fa84a2605febe1fc683b88985bc0c1fea661e51f7e7adb4af0cafdc98978b38164c449eba20be5e5b4ce8aa02db355c48c5f378606ef8a88e02a09cdb202cca50892b948ce9d1443728689725190929322ff8faa831aa755f0192bf2e1ee05cfc62a3d7483d630ab5d85a1b2aee6c937bb83d31f6d55ffde52f576c07470e3979f431cdbc5ff63876b29c02e7b32f5820de834bbfa9ddd4d01543b64421b1589b19b862bc810198fad90af7425909aaf20d417435f8f12eabb9c0b77296a1cb95922bdc0887f3c17236b5c582c98460911ad6f1d31380e9616e11101de6344de76bcdac8680bff25323a49bd92788a8837d42f1d3aaefb9cec33a936fed5b91ad6276d4339c47d68446fd7c070cd33b91008c778209c6c2041f67d674afada279fc4d19736f1106bcb804bea394144ae117a48d78fa776a6aabf7f3ca4d2d2173c6817abbefbc20ce18187c9794d438711137cb48d0497f48ab20ed5c656597a48f00a03ddab97d9b49844c8116770bb2af1d36be2752c74db950a813eca5f815e79ac4252eaf43e3b50619e44fefa0b891af59d46239140a71b5b7934285a01c9e1690e552d35dc69a7b1dbdd6d4bcf6595cc9e8cc8c2bc83c57bc862601184873d006f7d633bc169a0b028563e88c685ea49444125c6f50ff1ab82d998d46d28564dc9b6be4cc9cfcd3a0f02f1690268f4a40dcfbf10d07d5a668ad023ac90ccb99a3e3c0dfd16a2fe07bf7d37f00eca0d911bbb81e3e7cc0dc35a3e154f418a018b20a0615f22cd410034ab5300bd7456b000269d47d90e12ab2a9dac2a915d4a412acd025cf97b40a7e084fa2afae9d2e999bfa0db618ee221bd7041c489f54f992f2c7238020e0def40878b68e1ba2f23fa55cbfc5941226842839d9552679676b78c588f7083f2f78465445923884c50f08f05955e3db75037ece476b1a9cb354e0e1510c112d03c312c1573115685d71cbf318a15a1bb288df17859495775e756cfc99b6464562aa55d57dca68418b15f257301101a533df352d8d4a2fa32a73815544bef3d02f55b14b021f71260704cf2a85bcd99e114fbdf618e977ca497e6f69395cec73c5ea4069f616fe347e04f2b07ece6d9fa28397b0d4cc4ea40623771dfc72c7c16dd24c7dbb274a51d378685cdbd34c44b5e48f59dcdfee4f85910e15b1e4b1f5b64e0251fccc57179278f70d2817b67a8e5c5b8edf6f777db60d818d8b75ef5b5c4c57c29264c6fa3b60d63c35f26063215c95518ff3f61414c7449c455882e8c54f68165dc1be99241106b85d1f21cdf26cf2427fbd224fb0717c41fe4deb7e03adfd120c5fdbc11df7238ac2fec260017e78fb020a9eb87d2c733bc91bf5a46c681181ad851559830449801de5d41050997139117cfe3948619fa5fe86adb308e2af350d45b9b988916d85684befa744b584a4359a3f0ab7d42747c662877fd7609f04d088f04e5cb4b88d862360ae06d240186fcbeeb4893829288dd8aaa80affaa41c43b5a5ba128aead976224516d85ecb71b1a44a44c15d0983132c65b8e784cff9719c3c2960ff15966ad0a57c32ae32a7b8625a36245e7bdca619dc57dad9b82389676cab57c933b7894924fd6f9ab24532f3049d1a49c89c5a1590cd551a1842e5664ca3001c28e3234aea2b2b2ffdb7c2aa1ca08b5fb60a20e8074183c6da114cac90b5a04e8aa8db058eb2c0c1fbcf12fe96d817da7fcf88b27182f53b4fd136392e0995ffe9b878b923c50bc471ec073d63090d722f855927f08a6256b71d641db35633fbee11978c78cfcd7fd2461fd5f10cb43d0e08907c956232988a00e73920fbffb2ec90bc98ec641934740697da97c2c7a8ccc492532c852e82d28e93983848c59d142f861c44368eaca4fdfabd8ee52b440bd82533fec471992e78b0385d85a3f7af0b87da17db583d4162d00ad614ce366212d6fa616594a9e142c95c8235e340cba35ba6c4e97b8175758594b10b415f73c2db1b5cf2653a28e504d4f4be1b7aa6dbd350a0d78651969311815bcc62fd7600c862e5fe5d9813a2449259be90b092b9643bc4e7aa13c891b21700c045117005c13425ee459906f8ffee61a14f2f093a6560408c1f14fac1bb86bfaf5aabdb8a44573ff890339f25206f9d38d04d5c14552f2b05b06a6cc5f3aaee99d555d02254d5c788caaf86a85bba6ab4264b68ce02e2d63fa5e2479bd123254f1139e592790f35cf10615354ee2a991f0ca821b504fcfbcfa845980b7f6cf69f18869de5f05916c14d86025f4d60818342221ac61ad1e4472ad6837822ca174dc974671218d6ff76c35d110efeb9302afa92715485a4db5c650948616ef1dd851fee2d7fafb5eca2207e0db1497b22020e257bbef2a3cbd4a47cffd8eba3f81d930d47d44eef32029ab066541651fc32ec11479bda8ba060bedc5f70da7d3d400a217ca855d832be14b2794da2933e557dec950a3536c3e13e494dc3b49e5fd1a44441fea80b96bbf00e82185336a2dd2235112542aa6c46980b987b012d4e0c21411703388d6db2c6a966f1d21cf0a52f106d6c8b3bacd56ccd546e2bc32b20f9d893d4165b015d528f8658e41d72938dd48709a82cabbf2d57c593ea8191415d3382d283f4344024b19d9c29822f963b5a9c36ddf88ace5a17ca734ac27e88214022b177a6fe609a15da1080aad502d9ac9a8a7cf2b3fad57f8936d5a3d9eef70c8565c5c2a4bd0dc6ba8523cee0710f4a540cb5cc865ca82de8c16dee37daef84081df0d5baace7bdef1de56d70510b403830b8a297f8ef0bc6cd19cef3ee08cbb1d6b08ec423528466e85505c3d4d44e5b77b92f10309a7c592294507f86b103f0d8c41056e1aac27e9bff0817a596f0f5794afbca9def5efc567b58c104c45ed3d7f6bfd29a0728569b9665591a0c11c18c13371a4aa54bdbc592aaa6c21b38e0790afd631a3a1ec2e74c128351b20c178d7e0acf553ae00e7b6cc56682a4fc4d5f553e1a0855db205d9a913f50811b120bb009a4e4b906cbea91b72a528c82fab32670b2edd012aa18175c18eeb0cbefbfbdfddfcffcda2c315753329b60000000049454e44ae426082, 'marco.e.antero@gmail.com', '09089624586', '2001-02-02', 'Brookspoint Rd., Baguio City', 'Brookspoint Rd., Baguio City', '2023-09-01', '2024-02-29', NULL, 'REGULAR', 'Male', NULL, 'Single', 'Issa Antero', '09184960347', NULL, NULL, NULL, NULL);
INSERT INTO `emp` (`emp_id`, `work_email`, `password`, `f_name`, `m_name`, `s_name`, `emp_role`, `emp_pic`, `personal_email`, `contact_num`, `dob`, `p_address`, `c_address`, `date_hired`, `date_regularization`, `date_separated`, `emp_status`, `sex`, `gender`, `civil_status`, `emergency_contact_name`, `emergency_contact_num`, `created_by`, `created_at`, `updated_by`, `updated_at`) VALUES
(5, 'hailie@fullsuite.ph', 'joyjoy0409', 'Hailie Joy', 'Tolentino', 'Bejerano', 2, NULL, 'hailiebejerano@gmail.com', '09661786217', '2004-04-09', '119 B. Pinewood Street, Crystal Cave, Baguio City', '119 B. Pinewood Street, Crystal Cave, Baguio City', '2021-06-16', '2023-11-23', NULL, 'PARTTIME', 'Female', NULL, 'Single', 'Maria Cristina Bejerano', '09302930186', NULL, NULL, NULL, NULL),
(6, 'amiel@fullsuite.ph', 'pagmamahal', 'Amiel Jethro', 'Cabalquinto', 'Cortez', 2, NULL, 'amieljethrocortez@gmail.com', '09235974089', '1999-08-30', 'Holy Ghost Extension', 'Holy Ghost Extension', '2023-10-02', '2023-04-02', NULL, 'PROBATIONARY', 'Male', 'Male', 'Single', 'Christine Cortez', '09223440168', NULL, NULL, NULL, NULL),
(7, 'diana@fullsuite.ph', 'staff@password', 'Diana Nicole', 'De paz', 'Perez', 1, NULL, 'diananicole.perez@gmail.com', '09774079280', '2002-09-24', 'blk 2 lot 6, lauan st villa pozorrubio', '47 Paredes St. Middle Quezon Hill', '2021-09-23', NULL, NULL, 'REGULAR', 'Female', NULL, 'Single', 'Brigette Perez', '09162614305', NULL, NULL, NULL, NULL),
(8, 'jhex@fullsuite.ph', 'jhexjhex', 'Jhexer', 'Tiongson', 'Chun', 3, NULL, 'jhexchun@gmail.com', '09302506992', '1997-06-28', '161-A Lower Pias St. Camp 7, Baguio City, Benguet 2600', '161-A Lower Pias St. Camp 7, Baguio City, Benguet 2600', '2023-05-03', '2023-10-30', NULL, 'REGULAR', 'Male', 'Male', 'Single', 'Juvelyn Chun', '09476002222', NULL, NULL, NULL, NULL),
(9, 'alleza@fullsuite.ph', 'zaza', 'Alleza Czarina', 'Nonato', 'Castor', 2, NULL, 'allezaczarina@gmail.com', '09154353116', '2023-04-09', 'Quezon Hill, Baguio City', 'Quezon Hill, Baguio City', '2023-04-03', '2023-10-03', NULL, 'REGULAR', 'Female', NULL, NULL, NULL, NULL, NULL, NULL, NULL, NULL),
(10, 'ajessica@fullsuite.ph', 'jessjess', 'Jessica', 'Abarquez', 'Aguirre', 3, NULL, 'jeszicawongaguirre@gmail.com', '09386339392', '1993-10-05', '39 Military Cutoff Baguio City', '39 Military Cutoff Baguio City', '2022-07-18', '2023-01-18', NULL, 'REGULAR', 'Female', NULL, NULL, NULL, NULL, NULL, NULL, NULL, NULL);

-- --------------------------------------------------------

--
-- Table structure for table `emp_details`
--

CREATE TABLE `emp_details` (
  `emp_details_id` int(255) NOT NULL,
  `emp_id` int(255) NOT NULL,
  `sss_num` varchar(10) DEFAULT NULL,
  `phic_num` varchar(12) DEFAULT NULL,
  `hdmc_num` varchar(12) DEFAULT NULL,
  `tin_num` varchar(12) DEFAULT NULL,
  `bank_acc` varchar(20) DEFAULT NULL,
  `created_by` int(100) DEFAULT NULL,
  `created_at` timestamp(6) NOT NULL DEFAULT CURRENT_TIMESTAMP(6),
  `updated_by` int(100) DEFAULT NULL,
  `updated_at` timestamp(6) NOT NULL DEFAULT CURRENT_TIMESTAMP(6),
  `sss_contribution` decimal(6,0) NOT NULL,
  `phic_contribution` decimal(6,0) NOT NULL,
  `hdmc_contribution` decimal(6,0) NOT NULL,
  `tin_contribution` decimal(6,0) NOT NULL
) ENGINE=InnoDB DEFAULT CHARSET=utf8;

-- --------------------------------------------------------

--
-- Table structure for table `emp_salary`
--

CREATE TABLE `emp_salary` (
  `emp_salary_id` int(100) NOT NULL,
  `emp_id` int(100) NOT NULL,
  `emp_rate` enum('MONTHLY','BIMONTHLY') NOT NULL,
  `basic_salary` decimal(16,2) NOT NULL,
  `night_diff` decimal(16,2) DEFAULT NULL,
  `allowance_diff` decimal(16,2) DEFAULT NULL,
  `bonus` decimal(16,2) DEFAULT NULL,
  `created_by` int(100) NOT NULL,
  `created_at` timestamp(6) NOT NULL DEFAULT CURRENT_TIMESTAMP(6),
  `updated_by` int(100) DEFAULT NULL,
  `updated_at` timestamp(6) NULL DEFAULT CURRENT_TIMESTAMP(6)
) ENGINE=InnoDB DEFAULT CHARSET=utf8;

-- --------------------------------------------------------

--
-- Table structure for table `leaves`
--

CREATE TABLE `leaves` (
  `leave_id` int(11) NOT NULL,
  `requester_id` int(255) NOT NULL,
  `leave_type` varchar(20) NOT NULL,
  `leave_reason` varchar(255) NOT NULL,
  `leave_from` date NOT NULL,
  `leave_to` date NOT NULL,
  `leave_status` int(11) NOT NULL,
  `approver_id` int(11) NOT NULL,
  `date_filed` timestamp NULL DEFAULT CURRENT_TIMESTAMP,
  `is_paid` tinyint(1) DEFAULT NULL,
  `use_pto_points` int(10) DEFAULT NULL
) ENGINE=InnoDB DEFAULT CHARSET=utf8;

--
-- Dumping data for table `leaves`
--

INSERT INTO `leaves` (`leave_id`, `requester_id`, `leave_type`, `leave_reason`, `leave_from`, `leave_to`, `leave_status`, `approver_id`, `date_filed`, `is_paid`, `use_pto_points`) VALUES
(1, 1, 'Vacation Leave', 'Going to Singapore', '2023-11-01', '2023-11-04', 1, 8, '2023-11-30 16:00:00', NULL, NULL),
(2, 4, 'Sick Leave', 'I\'m Sick', '2023-11-08', '2023-11-10', 1, 3, '2023-11-29 16:00:00', NULL, NULL),
(3, 3, 'Sick Leave', 'I have the flu', '2023-11-09', '2023-11-15', 1, 8, '2023-11-15 16:00:00', NULL, NULL),
(20, 4, 'Study Leave', 'Study leave', '2023-11-30', '2023-12-01', 2, 10, '2023-11-14 05:59:22', NULL, NULL),
(23, 4, 'Vacation Leave', 'asda', '2023-12-02', '2023-12-09', 2, 8, '2023-11-30 16:00:00', NULL, NULL),
(24, 4, 'Sick Leave', 'asd', '2023-12-16', '2023-12-23', 2, 8, '2023-12-01 05:55:48', NULL, NULL),
(30, 4, 'Sick Leave', 'asd', '2023-12-07', '2023-12-08', 1, 8, '2023-12-01 09:16:50', NULL, 2),
(50, 4, 'Bereavement Leave', 'asd', '2023-12-13', '2023-12-21', 2, 8, '2023-12-04 08:42:35', NULL, 0),
(53, 4, 'Bereavement Leave', 'asd', '2023-12-13', '2023-12-21', 2, 8, '2023-12-04 08:42:37', NULL, 0),
(67, 4, 'Emergency Leave', 'qweqwe', '2023-12-08', '2023-12-08', 2, 8, '2023-12-06 05:19:30', NULL, 0),
(68, 4, 'Vacation Leave', 'ad', '2023-12-07', '2023-12-07', 2, 8, '2023-12-06 05:39:29', NULL, 0),
(69, 4, 'Study Leave', 'asdasfeyhy', '2023-12-12', '2023-12-12', 0, 3, '2023-12-06 06:00:24', NULL, 0),
(70, 4, 'Other/Special Leave', 'dgdrt', '2023-12-14', '2023-12-14', 2, 10, '2023-12-06 06:00:46', NULL, 0),
(71, 4, 'Emergency Leave', 'qwreeqw', '2023-12-13', '2023-12-13', 2, 10, '2023-12-06 06:08:25', NULL, 1),
(72, 4, 'Vacation Leave', 'qewrqr', '2023-12-07', '2023-12-07', 0, 10, '2023-12-06 06:46:44', NULL, 0),
(73, 4, 'Bereavement Leave', 'asf', '2023-12-07', '2023-12-07', 0, 3, '2023-12-06 06:49:30', NULL, 0),
(74, 4, 'Vacation Leave', 'qwe', '2023-12-13', '2023-12-13', 0, 10, '2023-12-06 06:51:57', NULL, 0),
(75, 4, 'Bereavement Leave', 'wr', '2023-12-08', '2023-12-08', 2, 8, '2023-12-06 06:53:27', NULL, 0),
(76, 4, 'Vacation Leave', 'ewrwet', '2023-12-12', '2023-12-12', 0, 10, '2023-12-06 06:54:58', NULL, 0),
(77, 4, 'Sick Leave', 'dfsf', '2023-12-07', '2023-12-07', 0, 10, '2023-12-06 06:58:03', NULL, 0),
(78, 4, 'Vacation Leave', 'sdfsfsd', '2023-12-07', '2023-12-07', 0, 10, '2023-12-06 07:09:57', NULL, 0),
(79, 4, 'Sick Leave', 'qweqwe', '2023-12-07', '2023-12-07', 0, 8, '2023-12-07 08:08:33', NULL, 0),
(80, 4, 'Bereavement Leave', 'qweqwe', '2023-12-07', '2023-12-07', 2, 8, '2023-12-07 08:08:48', NULL, 0),
(81, 4, 'Study Leave', 'werwerwerwerwe', '2023-12-07', '2023-12-07', 0, 8, '2023-12-07 08:20:55', NULL, 0);

-- --------------------------------------------------------

--
-- Table structure for table `leave_credits`
--

CREATE TABLE `leave_credits` (
  `leave_credits_id` int(100) NOT NULL,
  `emp_id` int(100) NOT NULL,
  `leave_balance` decimal(18,2) NOT NULL
) ENGINE=InnoDB DEFAULT CHARSET=utf8;

--
-- Dumping data for table `leave_credits`
--

INSERT INTO `leave_credits` (`leave_credits_id`, `emp_id`, `leave_balance`) VALUES
(6, 8, '0.83'),
(8, 4, '1.43'),
(12, 3, '0.00'),
(15, 10, '1.25'),
(16, 5, '16.00'),
(18, 1, '5.00'),
(19, 2, '5.00'),
(20, 6, '3.45'),
(21, 7, '0.85'),
(22, 9, '0.56');

-- --------------------------------------------------------

--
-- Table structure for table `offset`
--

CREATE TABLE `offset` (
  `offset_id` int(11) NOT NULL,
  `emp_id` int(11) NOT NULL,
  `offset_start` datetime NOT NULL,
  `offset_end` datetime NOT NULL,
  `offset_status` varchar(100) NOT NULL,
  `offset_reason` varchar(255) DEFAULT NULL
) ENGINE=InnoDB DEFAULT CHARSET=utf8;

-- --------------------------------------------------------

--
-- Table structure for table `payroll`
--

CREATE TABLE `payroll` (
  `payroll_id` int(100) NOT NULL,
  `emp_id` int(100) NOT NULL,
  `deductions_id` int(100) NOT NULL,
  `date_of_payout` datetime(6) NOT NULL
) ENGINE=InnoDB DEFAULT CHARSET=utf8;

-- --------------------------------------------------------

--
-- Table structure for table `title`
--

CREATE TABLE `title` (
  `title_id` int(100) NOT NULL,
  `title` varchar(255) NOT NULL,
  `emp_id` int(11) NOT NULL,
  `from_date` date NOT NULL,
  `to_date` date DEFAULT NULL
) ENGINE=InnoDB DEFAULT CHARSET=utf8;

--
-- Dumping data for table `title`
--

INSERT INTO `title` (`title_id`, `title`, `emp_id`, `from_date`, `to_date`) VALUES
(1, 'IT and Security Officer Associate', 2, '2023-10-02', NULL),
(2, 'Software Engineer', 1, '2023-09-01', NULL),
(3, 'Software Engineer', 3, '2023-10-02', NULL),
(4, 'Software Engineer', 4, '2023-09-01', NULL),
(5, 'Human Resource Associate', 5, '2022-08-16', NULL),
(6, 'Business Development Associate', 6, '2023-10-02', NULL),
(7, 'Human Resources Associate', 7, '2021-06-22', NULL),
(8, 'Information & Security Officer', 8, '2023-12-06', NULL),
(10, 'Management Accountant Associate', 9, '2023-12-01', NULL),
(11, 'Cluster Lead', 10, '2023-12-01', NULL);

-- --------------------------------------------------------

--
-- Table structure for table `user`
--

CREATE TABLE `user` (
  `user_id` int(100) NOT NULL,
  `work_email` varchar(255) NOT NULL,
  `password` varchar(100) NOT NULL,
  `temporary_code` varchar(100) DEFAULT NULL
) ENGINE=InnoDB DEFAULT CHARSET=utf8;

--
-- Dumping data for table `user`
--

INSERT INTO `user` (`user_id`, `work_email`, `password`, `temporary_code`) VALUES
(1, 'matt@fullsuite.ph', 'tch0tchkes', NULL),
(2, 'july@fullsuite.ph', 'rhaerhae', NULL),
(3, 'jhex@fullsuite.ph', 'jhexjhex', NULL);

-- --------------------------------------------------------

--
-- Table structure for table `users`
--

CREATE TABLE `users` (
  `id` bigint(20) UNSIGNED NOT NULL,
  `name` varchar(255) COLLATE utf8mb4_unicode_ci NOT NULL,
  `email` varchar(255) COLLATE utf8mb4_unicode_ci NOT NULL,
  `email_verified_at` timestamp NULL DEFAULT NULL,
  `password` varchar(255) COLLATE utf8mb4_unicode_ci NOT NULL,
  `remember_token` varchar(100) COLLATE utf8mb4_unicode_ci DEFAULT NULL,
  `created_at` timestamp NULL DEFAULT NULL,
  `updated_at` timestamp NULL DEFAULT NULL
) ENGINE=InnoDB DEFAULT CHARSET=utf8mb4 COLLATE=utf8mb4_unicode_ci;

--
-- Dumping data for table `users`
--

INSERT INTO `users` (`id`, `name`, `email`, `email_verified_at`, `password`, `remember_token`, `created_at`, `updated_at`) VALUES
(1, 'Matt', 'smattwilfred@gmail.com', NULL, 'tchotchkes', NULL, NULL, NULL),
(2, 'Dr. Sadye Gusikowski II', 'wilderman.louisa@example.net', '2023-10-17 18:58:14', '$2y$10$92IXUNpkjO0rOQ5byMi.Ye4oKoEa3Ro9llC/.og/at2.uheWG/igi', '8RbugNTaF4', '2023-10-17 18:58:14', '2023-10-17 18:58:14'),
(3, 'Adrain Douglas', 'scarlett.hermiston@example.com', '2023-10-17 18:58:14', '$2y$10$92IXUNpkjO0rOQ5byMi.Ye4oKoEa3Ro9llC/.og/at2.uheWG/igi', 'XKi6j12WNW', '2023-10-17 18:58:14', '2023-10-17 18:58:14'),
(4, 'Rowena Douglas', 'demarcus.grady@example.org', '2023-10-17 18:58:14', '$2y$10$92IXUNpkjO0rOQ5byMi.Ye4oKoEa3Ro9llC/.og/at2.uheWG/igi', 'oBHyC7nd8b', '2023-10-17 18:58:14', '2023-10-17 18:58:14'),
(5, 'Chanelle Pagac', 'schultz.kaylie@example.com', '2023-10-17 18:58:14', '$2y$10$92IXUNpkjO0rOQ5byMi.Ye4oKoEa3Ro9llC/.og/at2.uheWG/igi', 'xGDJShGpsF', '2023-10-17 18:58:14', '2023-10-17 18:58:14'),
(6, 'Rylan Towne', 'kertzmann.viva@example.org', '2023-10-17 18:58:14', '$2y$10$92IXUNpkjO0rOQ5byMi.Ye4oKoEa3Ro9llC/.og/at2.uheWG/igi', 'rml58dliej', '2023-10-17 18:58:14', '2023-10-17 18:58:14'),
(7, 'Mrs. Katelynn Fadel', 'mclaughlin.jermaine@example.org', '2023-10-17 18:58:14', '$2y$10$92IXUNpkjO0rOQ5byMi.Ye4oKoEa3Ro9llC/.og/at2.uheWG/igi', 'w6khyuMdyY', '2023-10-17 18:58:14', '2023-10-17 18:58:14'),
(8, 'Virginie Bartoletti', 'kdooley@example.org', '2023-10-17 18:58:14', '$2y$10$92IXUNpkjO0rOQ5byMi.Ye4oKoEa3Ro9llC/.og/at2.uheWG/igi', 'xqAf39JyFd', '2023-10-17 18:58:14', '2023-10-17 18:58:14'),
(9, 'Clair Lakin', 'orippin@example.com', '2023-10-17 18:58:14', '$2y$10$92IXUNpkjO0rOQ5byMi.Ye4oKoEa3Ro9llC/.og/at2.uheWG/igi', 'pEdRWHPnj0', '2023-10-17 18:58:14', '2023-10-17 18:58:14'),
(10, 'Omari Reilly', 'okey.lehner@example.com', '2023-10-17 18:58:14', '$2y$10$92IXUNpkjO0rOQ5byMi.Ye4oKoEa3Ro9llC/.og/at2.uheWG/igi', '9BMcahF5FC', '2023-10-17 18:58:14', '2023-10-17 18:58:14'),
(11, 'Camron Harris', 'else.larson@example.net', '2023-10-17 18:58:14', '$2y$10$92IXUNpkjO0rOQ5byMi.Ye4oKoEa3Ro9llC/.og/at2.uheWG/igi', 'IUoJsMnvuT', '2023-10-17 18:58:14', '2023-10-17 18:58:14'),
(12, 'Prof. Raymond McDermott MD', 'kallie48@example.com', '2023-10-17 18:58:14', '$2y$10$92IXUNpkjO0rOQ5byMi.Ye4oKoEa3Ro9llC/.og/at2.uheWG/igi', 'zI58YrmLu1', '2023-10-17 18:58:14', '2023-10-17 18:58:14'),
(13, 'Prof. Zetta Maggio', 'beryl.gutkowski@example.org', '2023-10-17 18:58:14', '$2y$10$92IXUNpkjO0rOQ5byMi.Ye4oKoEa3Ro9llC/.og/at2.uheWG/igi', 'vEdMvQ3llo', '2023-10-17 18:58:14', '2023-10-17 18:58:14'),
(14, 'Prof. Aglae Kuhlman', 'pblock@example.net', '2023-10-17 18:58:14', '$2y$10$92IXUNpkjO0rOQ5byMi.Ye4oKoEa3Ro9llC/.og/at2.uheWG/igi', 'yofUg9yrF8', '2023-10-17 18:58:14', '2023-10-17 18:58:14'),
(15, 'Mr. Antwon Brown V', 'maya.armstrong@example.com', '2023-10-17 18:58:14', '$2y$10$92IXUNpkjO0rOQ5byMi.Ye4oKoEa3Ro9llC/.og/at2.uheWG/igi', '1zRsq9D8Zb', '2023-10-17 18:58:14', '2023-10-17 18:58:14'),
(16, 'Breana Swaniawski', 'delilah96@example.net', '2023-10-17 18:58:14', '$2y$10$92IXUNpkjO0rOQ5byMi.Ye4oKoEa3Ro9llC/.og/at2.uheWG/igi', 'qfxUs6snid', '2023-10-17 18:58:14', '2023-10-17 18:58:14'),
(17, 'Ofelia Corkery', 'leslie18@example.net', '2023-10-17 18:58:14', '$2y$10$92IXUNpkjO0rOQ5byMi.Ye4oKoEa3Ro9llC/.og/at2.uheWG/igi', 'YxPfvv2Xe2', '2023-10-17 18:58:14', '2023-10-17 18:58:14'),
(18, 'Matt Kunde', 'moore.julian@example.net', '2023-10-17 18:58:14', '$2y$10$92IXUNpkjO0rOQ5byMi.Ye4oKoEa3Ro9llC/.og/at2.uheWG/igi', 'T73qt9GTgs', '2023-10-17 18:58:14', '2023-10-17 18:58:14'),
(19, 'Dr. Deangelo Monahan PhD', 'hilma86@example.com', '2023-10-17 18:58:14', '$2y$10$92IXUNpkjO0rOQ5byMi.Ye4oKoEa3Ro9llC/.og/at2.uheWG/igi', 'BT5Xe23wtc', '2023-10-17 18:58:14', '2023-10-17 18:58:14'),
(20, 'Vern Eichmann', 'brekke.brycen@example.net', '2023-10-17 18:58:14', '$2y$10$92IXUNpkjO0rOQ5byMi.Ye4oKoEa3Ro9llC/.og/at2.uheWG/igi', 'yKg403WbvY', '2023-10-17 18:58:14', '2023-10-17 18:58:14'),
(21, 'Shemar Wisozk', 'haley.yesenia@example.net', '2023-10-17 18:58:14', '$2y$10$92IXUNpkjO0rOQ5byMi.Ye4oKoEa3Ro9llC/.og/at2.uheWG/igi', 'fEXMfSzpAK', '2023-10-17 18:58:14', '2023-10-17 18:58:14'),
(22, 'Mrs. Kaylee Schmitt IV', 'jasper.roberts@example.org', '2023-10-17 18:58:14', '$2y$10$92IXUNpkjO0rOQ5byMi.Ye4oKoEa3Ro9llC/.og/at2.uheWG/igi', 'rqjjoP5QN7', '2023-10-17 18:58:14', '2023-10-17 18:58:14'),
(23, 'Christina Bruen', 'sanford.bernardo@example.net', '2023-10-17 18:58:14', '$2y$10$92IXUNpkjO0rOQ5byMi.Ye4oKoEa3Ro9llC/.og/at2.uheWG/igi', '0zDaT1LjJi', '2023-10-17 18:58:14', '2023-10-17 18:58:14'),
(24, 'Dr. Clifford Oberbrunner DDS', 'annabell03@example.org', '2023-10-17 18:58:14', '$2y$10$92IXUNpkjO0rOQ5byMi.Ye4oKoEa3Ro9llC/.og/at2.uheWG/igi', 'xgjS7x7lrX', '2023-10-17 18:58:14', '2023-10-17 18:58:14'),
(25, 'Kayden Hane', 'verner95@example.net', '2023-10-17 18:58:14', '$2y$10$92IXUNpkjO0rOQ5byMi.Ye4oKoEa3Ro9llC/.og/at2.uheWG/igi', 'Ip5A7MAduP', '2023-10-17 18:58:14', '2023-10-17 18:58:14'),
(26, 'Jamir Gislason', 'willa45@example.org', '2023-10-17 18:58:14', '$2y$10$92IXUNpkjO0rOQ5byMi.Ye4oKoEa3Ro9llC/.og/at2.uheWG/igi', 'eaFDj5ubFW', '2023-10-17 18:58:14', '2023-10-17 18:58:14'),
(27, 'Raheem Bednar', 'cormier.misty@example.org', '2023-10-17 18:58:14', '$2y$10$92IXUNpkjO0rOQ5byMi.Ye4oKoEa3Ro9llC/.og/at2.uheWG/igi', 'rbTMnv0aah', '2023-10-17 18:58:14', '2023-10-17 18:58:14'),
(28, 'Dr. Leopoldo Schimmel', 'denesik.dillan@example.net', '2023-10-17 18:58:14', '$2y$10$92IXUNpkjO0rOQ5byMi.Ye4oKoEa3Ro9llC/.og/at2.uheWG/igi', 'WZrucS9gyw', '2023-10-17 18:58:14', '2023-10-17 18:58:14'),
(29, 'Jadyn O\'Keefe', 'xleuschke@example.org', '2023-10-17 18:58:14', '$2y$10$92IXUNpkjO0rOQ5byMi.Ye4oKoEa3Ro9llC/.og/at2.uheWG/igi', 'uCVqFRKZIo', '2023-10-17 18:58:14', '2023-10-17 18:58:14'),
(30, 'Dee Towne', 'jmraz@example.net', '2023-10-17 18:58:14', '$2y$10$92IXUNpkjO0rOQ5byMi.Ye4oKoEa3Ro9llC/.og/at2.uheWG/igi', 'OHJYHv9K43', '2023-10-17 18:58:14', '2023-10-17 18:58:14'),
(31, 'Marc Prosacco Jr.', 'ffadel@example.com', '2023-10-17 18:58:14', '$2y$10$92IXUNpkjO0rOQ5byMi.Ye4oKoEa3Ro9llC/.og/at2.uheWG/igi', 'vkWit7grSt', '2023-10-17 18:58:14', '2023-10-17 18:58:14'),
(32, 'Judson Price Sr.', 'virginie.purdy@example.net', '2023-10-17 18:58:14', '$2y$10$92IXUNpkjO0rOQ5byMi.Ye4oKoEa3Ro9llC/.og/at2.uheWG/igi', 'cOthCaKnmW', '2023-10-17 18:58:14', '2023-10-17 18:58:14'),
(33, 'Mustafa Murray III', 'jazlyn72@example.org', '2023-10-17 18:58:14', '$2y$10$92IXUNpkjO0rOQ5byMi.Ye4oKoEa3Ro9llC/.og/at2.uheWG/igi', 'X2XBxYS3mJ', '2023-10-17 18:58:14', '2023-10-17 18:58:14'),
(34, 'Rebeka Abshire', 'ncassin@example.com', '2023-10-17 18:58:14', '$2y$10$92IXUNpkjO0rOQ5byMi.Ye4oKoEa3Ro9llC/.og/at2.uheWG/igi', 'Du4975Iltn', '2023-10-17 18:58:14', '2023-10-17 18:58:14'),
(35, 'Marcelo Torphy', 'guy50@example.com', '2023-10-17 18:58:14', '$2y$10$92IXUNpkjO0rOQ5byMi.Ye4oKoEa3Ro9llC/.og/at2.uheWG/igi', 'l1fUmyPYSx', '2023-10-17 18:58:14', '2023-10-17 18:58:14'),
(36, 'Eloisa Davis MD', 'volkman.dorthy@example.net', '2023-10-17 18:58:14', '$2y$10$92IXUNpkjO0rOQ5byMi.Ye4oKoEa3Ro9llC/.og/at2.uheWG/igi', 'fIlCcf050L', '2023-10-17 18:58:14', '2023-10-17 18:58:14'),
(37, 'Earnestine Harvey', 'oconnell.king@example.org', '2023-10-17 18:58:14', '$2y$10$92IXUNpkjO0rOQ5byMi.Ye4oKoEa3Ro9llC/.og/at2.uheWG/igi', 'kyWv8xO5Mw', '2023-10-17 18:58:14', '2023-10-17 18:58:14'),
(38, 'Aiden Konopelski MD', 'jordi.lakin@example.org', '2023-10-17 18:58:14', '$2y$10$92IXUNpkjO0rOQ5byMi.Ye4oKoEa3Ro9llC/.og/at2.uheWG/igi', 'ZsipL1bANW', '2023-10-17 18:58:14', '2023-10-17 18:58:14'),
(39, 'Newton Herzog PhD', 'ward.makenna@example.net', '2023-10-17 18:58:14', '$2y$10$92IXUNpkjO0rOQ5byMi.Ye4oKoEa3Ro9llC/.og/at2.uheWG/igi', 'OGUXPxVU5Z', '2023-10-17 18:58:14', '2023-10-17 18:58:14'),
(40, 'Olen Champlin', 'margarita85@example.org', '2023-10-17 18:58:14', '$2y$10$92IXUNpkjO0rOQ5byMi.Ye4oKoEa3Ro9llC/.og/at2.uheWG/igi', 'QzSXDWwAa7', '2023-10-17 18:58:14', '2023-10-17 18:58:14'),
(41, 'Elinore Marks', 'jconn@example.net', '2023-10-17 18:58:14', '$2y$10$92IXUNpkjO0rOQ5byMi.Ye4oKoEa3Ro9llC/.og/at2.uheWG/igi', 'jvaAbhSxaX', '2023-10-17 18:58:14', '2023-10-17 18:58:14'),
(42, 'Kade Douglas Sr.', 'roxanne.langosh@example.net', '2023-10-17 18:58:14', '$2y$10$92IXUNpkjO0rOQ5byMi.Ye4oKoEa3Ro9llC/.og/at2.uheWG/igi', 'nbs3Yvbzcs', '2023-10-17 18:58:14', '2023-10-17 18:58:14'),
(43, 'Mr. Orin Shanahan I', 'annabelle.feest@example.org', '2023-10-17 18:58:14', '$2y$10$92IXUNpkjO0rOQ5byMi.Ye4oKoEa3Ro9llC/.og/at2.uheWG/igi', '6j5EUbCNum', '2023-10-17 18:58:14', '2023-10-17 18:58:14'),
(44, 'Dr. Anibal Upton V', 'caterina87@example.com', '2023-10-17 18:58:14', '$2y$10$92IXUNpkjO0rOQ5byMi.Ye4oKoEa3Ro9llC/.og/at2.uheWG/igi', 'RJuJnUqIcb', '2023-10-17 18:58:14', '2023-10-17 18:58:14'),
(45, 'Letha Blanda', 'klein.enos@example.org', '2023-10-17 18:58:14', '$2y$10$92IXUNpkjO0rOQ5byMi.Ye4oKoEa3Ro9llC/.og/at2.uheWG/igi', 'kOxL78iyWA', '2023-10-17 18:58:14', '2023-10-17 18:58:14'),
(46, 'Penelope Farrell', 'kari55@example.org', '2023-10-17 18:58:14', '$2y$10$92IXUNpkjO0rOQ5byMi.Ye4oKoEa3Ro9llC/.og/at2.uheWG/igi', 'PI85aqzzCj', '2023-10-17 18:58:14', '2023-10-17 18:58:14'),
(47, 'Mireille Beier', 'mae.harber@example.net', '2023-10-17 18:58:14', '$2y$10$92IXUNpkjO0rOQ5byMi.Ye4oKoEa3Ro9llC/.og/at2.uheWG/igi', 'fx2WVPhyWV', '2023-10-17 18:58:14', '2023-10-17 18:58:14'),
(48, 'Jeff Mayert PhD', 'rath.elfrieda@example.net', '2023-10-17 18:58:14', '$2y$10$92IXUNpkjO0rOQ5byMi.Ye4oKoEa3Ro9llC/.og/at2.uheWG/igi', '7WvWj4YTVh', '2023-10-17 18:58:14', '2023-10-17 18:58:14'),
(49, 'Mr. Elwyn Mitchell MD', 'maxine.jones@example.com', '2023-10-17 18:58:14', '$2y$10$92IXUNpkjO0rOQ5byMi.Ye4oKoEa3Ro9llC/.og/at2.uheWG/igi', 'qBU80NHCqv', '2023-10-17 18:58:14', '2023-10-17 18:58:14'),
(50, 'Marge Wisoky', 'qjones@example.org', '2023-10-17 18:58:14', '$2y$10$92IXUNpkjO0rOQ5byMi.Ye4oKoEa3Ro9llC/.og/at2.uheWG/igi', 'N73htZGG0x', '2023-10-17 18:58:14', '2023-10-17 18:58:14'),
(51, 'Dr. Ron Muller I', 'vlangworth@example.com', '2023-10-17 18:58:14', '$2y$10$92IXUNpkjO0rOQ5byMi.Ye4oKoEa3Ro9llC/.og/at2.uheWG/igi', 'ZKczcRaTcP', '2023-10-17 18:58:14', '2023-10-17 18:58:14');

--
-- Indexes for dumped tables
--

--
-- Indexes for table `announcements`
--
ALTER TABLE `announcements`
  ADD PRIMARY KEY (`ann_id`),
  ADD KEY `emp_id` (`emp_id`);

--
-- Indexes for table `company`
--
ALTER TABLE `company`
  ADD PRIMARY KEY (`company_id`);

--
-- Indexes for table `department`
--
ALTER TABLE `department`
  ADD PRIMARY KEY (`dept_id`),
  ADD KEY `manager_id_fk` (`manager_id`);

--
-- Indexes for table `department_employees`
--
ALTER TABLE `department_employees`
  ADD PRIMARY KEY (`dept_emp_id`),
  ADD KEY `dept_emp_dept_id` (`dept_id`),
  ADD KEY `dept_emp_emp_id` (`emp_id`);

--
-- Indexes for table `department_manager`
--
ALTER TABLE `department_manager`
  ADD PRIMARY KEY (`approver_id`),
  ADD KEY `approver_emp_id` (`emp_id`);

--
-- Indexes for table `emp`
--
ALTER TABLE `emp`
  ADD PRIMARY KEY (`emp_id`);

--
-- Indexes for table `emp_details`
--
ALTER TABLE `emp_details`
  ADD PRIMARY KEY (`emp_details_id`),
  ADD KEY `emp_details-fk` (`emp_id`);

--
-- Indexes for table `emp_salary`
--
ALTER TABLE `emp_salary`
  ADD PRIMARY KEY (`emp_salary_id`),
  ADD KEY `emp_salary_fk` (`emp_id`);

--
-- Indexes for table `leaves`
--
ALTER TABLE `leaves`
  ADD PRIMARY KEY (`leave_id`),
  ADD KEY `leave_emp_id` (`requester_id`),
  ADD KEY `leave_approver_id` (`approver_id`);

--
-- Indexes for table `leave_credits`
--
ALTER TABLE `leave_credits`
  ADD PRIMARY KEY (`leave_credits_id`),
  ADD KEY `emp_leave_id` (`emp_id`);

--
-- Indexes for table `offset`
--
ALTER TABLE `offset`
  ADD PRIMARY KEY (`offset_id`),
  ADD KEY `offset_emp_id` (`emp_id`);

--
-- Indexes for table `title`
--
ALTER TABLE `title`
  ADD PRIMARY KEY (`title_id`),
  ADD KEY `title_emp_id` (`emp_id`);

--
-- Indexes for table `user`
--
ALTER TABLE `user`
  ADD PRIMARY KEY (`user_id`);

--
-- Indexes for table `users`
--
ALTER TABLE `users`
  ADD PRIMARY KEY (`id`),
  ADD UNIQUE KEY `users_email_unique` (`email`);

--
-- AUTO_INCREMENT for dumped tables
--

--
-- AUTO_INCREMENT for table `announcements`
--
ALTER TABLE `announcements`
  MODIFY `ann_id` int(100) NOT NULL AUTO_INCREMENT, AUTO_INCREMENT=4;

--
-- AUTO_INCREMENT for table `company`
--
ALTER TABLE `company`
  MODIFY `company_id` int(100) NOT NULL AUTO_INCREMENT, AUTO_INCREMENT=3;

--
-- AUTO_INCREMENT for table `department`
--
ALTER TABLE `department`
  MODIFY `dept_id` int(100) NOT NULL AUTO_INCREMENT, AUTO_INCREMENT=11;

--
-- AUTO_INCREMENT for table `department_employees`
--
ALTER TABLE `department_employees`
  MODIFY `dept_emp_id` int(100) NOT NULL AUTO_INCREMENT, AUTO_INCREMENT=15;

--
-- AUTO_INCREMENT for table `department_manager`
--
ALTER TABLE `department_manager`
  MODIFY `approver_id` int(11) NOT NULL AUTO_INCREMENT, AUTO_INCREMENT=7;

--
-- AUTO_INCREMENT for table `emp_details`
--
ALTER TABLE `emp_details`
  MODIFY `emp_details_id` int(255) NOT NULL AUTO_INCREMENT;

--
-- AUTO_INCREMENT for table `emp_salary`
--
ALTER TABLE `emp_salary`
  MODIFY `emp_salary_id` int(100) NOT NULL AUTO_INCREMENT;

--
-- AUTO_INCREMENT for table `leaves`
--
ALTER TABLE `leaves`
  MODIFY `leave_id` int(11) NOT NULL AUTO_INCREMENT, AUTO_INCREMENT=82;

--
-- AUTO_INCREMENT for table `leave_credits`
--
ALTER TABLE `leave_credits`
  MODIFY `leave_credits_id` int(100) NOT NULL AUTO_INCREMENT, AUTO_INCREMENT=23;

--
-- AUTO_INCREMENT for table `offset`
--
ALTER TABLE `offset`
  MODIFY `offset_id` int(11) NOT NULL AUTO_INCREMENT;

--
-- AUTO_INCREMENT for table `title`
--
ALTER TABLE `title`
  MODIFY `title_id` int(100) NOT NULL AUTO_INCREMENT, AUTO_INCREMENT=12;

--
-- AUTO_INCREMENT for table `user`
--
ALTER TABLE `user`
  MODIFY `user_id` int(100) NOT NULL AUTO_INCREMENT, AUTO_INCREMENT=4;

--
-- AUTO_INCREMENT for table `users`
--
ALTER TABLE `users`
  MODIFY `id` bigint(20) UNSIGNED NOT NULL AUTO_INCREMENT, AUTO_INCREMENT=52;

--
-- Constraints for dumped tables
--

--
-- Constraints for table `announcements`
--
ALTER TABLE `announcements`
  ADD CONSTRAINT `emp_id` FOREIGN KEY (`emp_id`) REFERENCES `emp` (`emp_id`) ON UPDATE CASCADE;

--
-- Constraints for table `department`
--
ALTER TABLE `department`
  ADD CONSTRAINT `manager_id_fk` FOREIGN KEY (`manager_id`) REFERENCES `emp` (`emp_id`) ON UPDATE CASCADE;

--
-- Constraints for table `department_employees`
--
ALTER TABLE `department_employees`
  ADD CONSTRAINT `dept_emp_dept_id` FOREIGN KEY (`dept_id`) REFERENCES `department` (`dept_id`) ON UPDATE CASCADE,
  ADD CONSTRAINT `dept_emp_emp_id` FOREIGN KEY (`emp_id`) REFERENCES `emp` (`emp_id`) ON UPDATE CASCADE;

--
-- Constraints for table `department_manager`
--
ALTER TABLE `department_manager`
  ADD CONSTRAINT `approver_emp_id` FOREIGN KEY (`emp_id`) REFERENCES `emp` (`emp_id`) ON UPDATE CASCADE;

--
-- Constraints for table `title`
--
ALTER TABLE `title`
  ADD CONSTRAINT `title_emp_id` FOREIGN KEY (`emp_id`) REFERENCES `emp` (`emp_id`);
COMMIT;

/*!40101 SET CHARACTER_SET_CLIENT=@OLD_CHARACTER_SET_CLIENT */;
/*!40101 SET CHARACTER_SET_RESULTS=@OLD_CHARACTER_SET_RESULTS */;
/*!40101 SET COLLATION_CONNECTION=@OLD_COLLATION_CONNECTION */;
